--
-- PostgreSQL database dump
--

-- Dumped from database version 16.2
-- Dumped by pg_dump version 16.2

-- Started on 2024-03-24 03:26:14

SET statement_timeout = 0;
SET lock_timeout = 0;
SET idle_in_transaction_session_timeout = 0;
SET client_encoding = 'UTF8';
SET standard_conforming_strings = on;
SELECT pg_catalog.set_config('search_path', '', false);
SET check_function_bodies = false;
SET xmloption = content;
SET client_min_messages = warning;
SET row_security = off;

SET default_tablespace = '';

SET default_table_access_method = heap;

--
-- TOC entry 218 (class 1259 OID 16524)
-- Name: countries; Type: TABLE; Schema: public; Owner: postgres
--

CREATE TABLE public.countries (
    id character varying(255) NOT NULL,
    name character varying(255) NOT NULL,
    world_cups integer
);


ALTER TABLE public.countries OWNER TO postgres;

--
-- TOC entry 219 (class 1259 OID 17483)
-- Name: summary; Type: TABLE; Schema: public; Owner: postgres
--

CREATE TABLE public.summary (
    rank_type character varying(255) NOT NULL,
    season integer NOT NULL,
    css character varying(255),
    direction character varying(255),
    points integer,
    "position" real,
    titles integer[],
    country_id character varying(255) NOT NULL,
    team_id character varying(255) NOT NULL,
    CONSTRAINT summary_direction_check CHECK (((direction)::text = ANY ((ARRAY['UP'::character varying, 'STABLE'::character varying, 'CAUTION'::character varying, 'DOWN'::character varying])::text[]))),
    CONSTRAINT summary_rank_type_check CHECK (((rank_type)::text = ANY ((ARRAY['MOMENT'::character varying, 'DYNAMIC'::character varying, 'MODERN'::character varying, 'CONSERVATIVE'::character varying, 'ETERNAL'::character varying])::text[])))
);


ALTER TABLE public.summary OWNER TO postgres;

--
-- TOC entry 215 (class 1259 OID 16472)
-- Name: teams; Type: TABLE; Schema: public; Owner: postgres
--

CREATE TABLE public.teams (
    id character varying(255) NOT NULL,
    name character varying(255),
    country_id character varying(255)
);


ALTER TABLE public.teams OWNER TO postgres;

--
-- TOC entry 221 (class 1259 OID 17513)
-- Name: titles; Type: TABLE; Schema: public; Owner: postgres
--

CREATE TABLE public.titles (
    id integer NOT NULL,
    season integer,
    team_id character varying(255),
    tournament_id character varying(255)
);


ALTER TABLE public.titles OWNER TO postgres;

--
-- TOC entry 220 (class 1259 OID 17512)
-- Name: titles_id_seq; Type: SEQUENCE; Schema: public; Owner: postgres
--

CREATE SEQUENCE public.titles_id_seq
    AS integer
    START WITH 1
    INCREMENT BY 1
    NO MINVALUE
    NO MAXVALUE
    CACHE 1;


ALTER SEQUENCE public.titles_id_seq OWNER TO postgres;

--
-- TOC entry 4839 (class 0 OID 0)
-- Dependencies: 220
-- Name: titles_id_seq; Type: SEQUENCE OWNED BY; Schema: public; Owner: postgres
--

ALTER SEQUENCE public.titles_id_seq OWNED BY public.titles.id;


--
-- TOC entry 216 (class 1259 OID 16477)
-- Name: tournament_groups; Type: TABLE; Schema: public; Owner: postgres
--

CREATE TABLE public.tournament_groups (
    id character varying(255) NOT NULL,
    name character varying(255) NOT NULL,
    points integer NOT NULL,
    notes character varying(255)
);


ALTER TABLE public.tournament_groups OWNER TO postgres;

--
-- TOC entry 217 (class 1259 OID 16482)
-- Name: tournaments; Type: TABLE; Schema: public; Owner: postgres
--

CREATE TABLE public.tournaments (
    id character varying(255) NOT NULL,
    group_id character varying(255) NOT NULL
);


ALTER TABLE public.tournaments OWNER TO postgres;

--
-- TOC entry 222 (class 1259 OID 17543)
-- Name: tournaments_countries; Type: TABLE; Schema: public; Owner: postgres
--

CREATE TABLE public.tournaments_countries (
    country_id character varying(255) NOT NULL,
    tournament_id character varying(255) NOT NULL
);


ALTER TABLE public.tournaments_countries OWNER TO postgres;

--
-- TOC entry 4658 (class 2604 OID 17516)
-- Name: titles id; Type: DEFAULT; Schema: public; Owner: postgres
--

ALTER TABLE ONLY public.titles ALTER COLUMN id SET DEFAULT nextval('public.titles_id_seq'::regclass);


--
-- TOC entry 4829 (class 0 OID 16524)
-- Dependencies: 218
-- Data for Name: countries; Type: TABLE DATA; Schema: public; Owner: postgres
--

COPY public.countries (id, name, world_cups) FROM stdin;
ARGENTINA	Argentina	3
ITALIA	Itália	4
ALEMANHA	Alemanha	4
FRANCA	França	2
INGLATERRA	Inglaterra	1
BRASIL	Brasil	5
URUGUAI	Uruguai	2
ESPANHA	Espanha	1
\.


--
-- TOC entry 4830 (class 0 OID 17483)
-- Dependencies: 219
-- Data for Name: summary; Type: TABLE DATA; Schema: public; Owner: postgres
--

COPY public.summary (rank_type, season, css, direction, points, "position", titles, country_id, team_id) FROM stdin;
\.


--
-- TOC entry 4826 (class 0 OID 16472)
-- Dependencies: 215
-- Data for Name: teams; Type: TABLE DATA; Schema: public; Owner: postgres
--

COPY public.teams (id, name, country_id) FROM stdin;
ALUMNI	CA Alumni	ARGENTINA
ARENAS_CLUB	Arenas Club	ESPANHA
ARGENTINOS_JUNIORS	Argentinos Juniors	ARGENTINA
ARSENAL	Arsenal	INGLATERRA
ASTON_VILLA	Aston Villa	INGLATERRA
ATALANTA	Atalanta	ITALIA
ATHLETIC_BILBAO	Athletic Club	ESPANHA
ATHLETICO_PR	Athletico	BRASIL
ATLETICO_MG	Atlético Mineiro	BRASIL
AUXERRE	Auxerre	FRANCA
BAHIA	Bahia	BRASIL
BANFIELD	Banfield	ARGENTINA
BARCELONA	Barcelona	ESPANHA
BARNSLEY	Barnsley	INGLATERRA
BASTIA	Bastia	FRANCA
BAYERN_DE_MUNIQUE	FC Bayern München	ALEMANHA
BELLA_VISTA	Bella Vista	URUGUAI
BLACKBURN_OLYMPIC	Blackburn Olympic	INGLATERRA
BLACKBURN_ROVERS	Blackburn Rovers	INGLATERRA
BLACKPOOL	Blackpool	INGLATERRA
BOCA_JUNIORS	Boca Juniors	ARGENTINA
BOLOGNA	Bologna	ITALIA
BORDEAUX	Bordeaux	FRANCA
BORUSSIA_DORTMUND	Borussia Dortmund	ALEMANHA
BOTAFOGO	Botafogo	BRASIL
BURNLEY	Burnley	INGLATERRA
BURY	Bury AFC	INGLATERRA
CAGLIARI	Cagliari	ITALIA
CANNES	AS Cannes	FRANCA
CARDIFF	Cardiff City	INGLATERRA
CASALE	Casale	ITALIA
CASG_PARIS	CASG Paris	FRANCA
CENTRAL_ESPANOL	Central Español	URUGUAI
CHACARITA_JUNIORS	Club Atlético Chacarita Juniors	ARGENTINA
CHELSEA	Chelsea	INGLATERRA
CLAPHAM_ROVERS	Clapham Rovers	INGLATERRA
CLUB_FRANCAIS	Club Français	FRANCA
CORINTHIANS	Corinthians	BRASIL
CORITIBA	Coritiba	BRASIL
COVENTRY_CITY	Coventry City	INGLATERRA
CRICIUMA	Criciúma	BRASIL
CRUZEIRO	Cruzeiro	BRASIL
DANUBIO	Danubio	URUGUAI
DEPORTIVO_LA_CORUNA	Deportivo La Coruña	ESPANHA
DERBY_COUNTY	Derby County	INGLATERRA
DOCK_SUD	CS Dock Sud	ARGENTINA
EINTRACHT_BRAUNSCHWEIG	Eintracht Braunschweig	ALEMANHA
EINTRACHT_FRANKFURT	Eintracht Frankfurt	ALEMANHA
ESPANYOL	Espanyol	ESPANHA
ESTUDIANTIL_PORTENO	Estudiantil Porteño	ARGENTINA
EVERTON	Everton	INGLATERRA
FERRO_CARRIL_OESTE	Club Ferro Carril Oeste	ARGENTINA
FIORENTINA	Fiorentina	ITALIA
FLAMENGO	Flamengo	BRASIL
FLUMINENSE	Fluminense	BRASIL
FORTUNA_DUSSELDORF	Fortuna Düsseldorf	ALEMANHA
FREIBURGER_FC	Freiburger FC	ALEMANHA
GENOA	Genoa	ITALIA
GREMIO	Grêmio	BRASIL
GUARANI	Guarani	BRASIL
GUINGAMP	Guingamp	FRANCA
HOLSTEIN_KIEL	Holstein Kiel	ALEMANHA
HUDDERSFIELD_TOWN	Huddersfield Town	INGLATERRA
HURACAN	Huracán	ARGENTINA
INDEPENDIENTE	Independiente	ARGENTINA
INTERNACIONAL	Internacional	BRASIL
IPSWICH_TOWN	Ipswich Town	INGLATERRA
JUVENTUDE	Juventude	BRASIL
JUVENTUS	Juventus	ITALIA
KAISERSLAUTERN	1. FC Kaiserslautern	ALEMANHA
KARLSRUHER_FV	Karlsruher Fussball Verein	ALEMANHA
KARLSRUHER_SC	Karlsruher SC	ALEMANHA
KICKERS_OFFENBACH	Kickers Offenbach	ALEMANHA
LANUS	Lanús	ARGENTINA
LAZIO	Lazio	ITALIA
LE_HAVRE	Le Havre	FRANCA
LEICESTER_CITY	Leicester City	INGLATERRA
LENS	Lens	FRANCA
LILLE	Lille	FRANCA
LIVERPOOL	Liverpool	INGLATERRA
LORIENT	Lorient	FRANCA
LYON	Olympique Lyonnais	FRANCA
MALLORCA	Mallorca	ESPANHA
MANCHESTER_CITY	Manchester City	INGLATERRA
MANCHESTER_UNITED	Manchester United	INGLATERRA
METZ	Metz	FRANCA
MILAN	Milan	ITALIA
MONACO	AS Monaco	FRANCA
MONTEVIDEO_WANDERERS	Montevideo Wanderers	URUGUAI
MONTPELLIER	Montpellier	FRANCA
NACIONAL	Nacional	URUGUAI
NANCY	Nancy	FRANCA
NANTES	Nantes	FRANCA
TSV_1860_MUNCHEN	TSV 1860 München	ALEMANHA
ARSENAL_SARANDI	Arsenal de Sarandí	ARGENTINA
ATLETICO_MADRID	Atlético Madrid	ESPANHA
BORUSSIA_MONCHENGLADBACH	Borussia Mönchengladbach	ALEMANHA
BAYER_LEVERKUSEN	Bayer 04 Leverkusen	ALEMANHA
KFC_UERDINGEN_05	KFC Uerdingen 05	ALEMANHA
NAPOLI	Napoli	ITALIA
NEWCASTLE	Newcastle United	INGLATERRA
NICE	Nice	FRANCA
NOTTINGHAM_FOREST	Nottingham Forest	INGLATERRA
NOTTS_COUNTY	Notts County	INGLATERRA
NOVESE	Novese	ITALIA
NURNBERG	1. FC Nürnberg	ALEMANHA
OLD_CALEDONIANS	Old Caledonians	ARGENTINA
OLD_CARTHUSIANS	Old Carthusians F.C.	INGLATERRA
OLD_ETONIANS	Old Etonians F.C.	INGLATERRA
OLYMPIQUE_DE_PARIS	Olympique de Paris	FRANCA
OXFORD_UNIVERSITY	Oxford University A.F.C.	INGLATERRA
PALMEIRAS	Palmeiras	BRASIL
PARMA	Parma	ITALIA
PATRONATO	Patronato	ARGENTINA
PAULISTA	Paulista	BRASIL
PENAROL	Peñarol	URUGUAI
PORTENO	Porteño	ARGENTINA
PORTSMOUTH	Portsmouth	INGLATERRA
PRESTON	Preston North End	INGLATERRA
PRO_VERCELLI	Pro Vercelli	ITALIA
PROGRESSO	Progresso	URUGUAI
QUILMES	Quilmes	ARGENTINA
RACING	Racing Club	ARGENTINA
RAMPLA_JUNIORS	Rampla Juniors	URUGUAI
RB_LEIPZIG	RB Leipzig	ALEMANHA
REAL_BETIS	Real Betis	ESPANHA
REAL_MADRID	Real Madrid	ESPANHA
REAL_SOCIEDAD	Real Sociedad	ESPANHA
REAL_UNION	Real Unión Club	ESPANHA
REAL_ZARAGOZA	Real Zaragoza	ESPANHA
RIVER_PLATE	River Plate	ARGENTINA
RIVER_PLATE_FC	River Plate Football Club	URUGUAI
ROMA	Roma	ITALIA
ROSARIO_CENTRAL	Rosario Central	ARGENTINA
ROYAL_ENGINEERS	Royal Engineers A.F.C.	INGLATERRA
SAMPDORIA	Sampdoria	ITALIA
SAN_LORENZO	San Lorenzo	ARGENTINA
SANTO_ANDRE	Santo André	BRASIL
SANTOS	Santos	BRASIL
SAO_PAULO	São Paulo	BRASIL
SEDAN	CS Sedan	FRANCA
SETE	FC Sète	FRANCA
SEVILLA	Sevilla	ESPANHA
SHEFFIELD_UNITED	Sheffield United	INGLATERRA
SHEFFIELD_WEDNESDAY	Sheffield Wednesday	INGLATERRA
SOUCHAUX	Sochaux	FRANCA
SOUTHAMPTON	Southampton	INGLATERRA
SPORT	Sport	BRASIL
SPORTIVO_BARRACAS	Sportivo Barracas	ARGENTINA
SPVGG_FURTH	SpVgg Greuther Fürth	ALEMANHA
STRASBOURG	RC Strasbourg	FRANCA
SUNDERLAND	Sunderland	INGLATERRA
TORINO	Torino	ITALIA
TOTTENHAM	Tottenham Hotspur	INGLATERRA
TOULOUSE	Toulouse	FRANCA
VADO	Vado	ITALIA
VALENCIA	Valencia	ESPANHA
VASCO	Vasco da Gama	BRASIL
VELEZ_SARSFIELD	Vélez Sarsfield	ARGENTINA
VENEZIA	Venezia	ITALIA
VICENZA	L.R. Vicenza	ITALIA
WANDERERS	Wanderers F.C.	INGLATERRA
WERDER_BREMEN	SV Werder Bremen	ALEMANHA
WEST_BROMWICH	West Bromwich Albion	INGLATERRA
WEST_HAM	West Ham United	INGLATERRA
WIGAN	Wigan Athletic	INGLATERRA
WIMBLEDON	AFC Wimbledon	INGLATERRA
WOLVERHAMPTON	Wolverhampton	INGLATERRA
AJAX	Ajax	\N
ONCE_CALDAS	Once Caldas	\N
PSV_EINDHOVEN	PSV Eindhoven	\N
PORTO	FC Porto	\N
BENFICA	Benfica	\N
ATLETICO_NACIONAL	Atlético Nacional	\N
OLIMPIA	Olimpia	\N
CELTIC	Celtic	\N
STEAUA_BUCARESTE	CSA Steaua București	\N
FEYENOORD	Feyenoord	\N
BELGRANO	Belgrano Athletic Club	ARGENTINA
BOLTON_WANDERERS	Bolton Wanderers	INGLATERRA
BRADFORD_CITY	Bradford City	INGLATERRA
CA_PARIS_CHARENTON	CA Paris-Charenton	FRANCA
CLUB_CICLISTA_SAN_SEBASTIAN	Club Ciclista de San Sebastián	ESPANHA
COLO_COLO	Colo Colo	\N
KOLN	1. FC Köln	ALEMANHA
DEFENSOR_SPORTING	Defensor Sporting	URUGUAI
DRESDNER_EISLOWEN	Dresdner Eislöwen	ALEMANHA
CRVENA_ZVEZDA	FK Crvena zvezda	\N
EXCELSIOR_AC	Excelsior AC	FRANCA
HAMBURGER_SV	Hamburger SV	ALEMANHA
HANNOVER_96	Hannover 96	ALEMANHA
HERTHA_BSC	Hertha BSC	ALEMANHA
INTER	Inter	ITALIA
LDU	LDU	\N
RAPID_WIEN	SK Rapid Wien	\N
WOLFSBURG	VfL Wolfsburg	ALEMANHA
ESTUDIANTES	Estudiantes de La Plata	ARGENTINA
GIMNASIA_Y_ESGRIMA	Gimnasia y Esgrima La Plata	ARGENTINA
CHARLTON_ATHLETIC	Charlton Athletic	INGLATERRA
LEEDS_UNITED	Leeds United	INGLATERRA
LIVERPOOL_URUGUAI	Liverpool	URUGUAI
LOMAS	Lomas	ARGENTINA
NEWELLS_OLD_BOYS	Newell's Old Boys	ARGENTINA
OLYMPIQUE_LILLOIS	Olympique Lillois	FRANCA
OLYMPIQUE_MARSEILLE	Olympique de Marseille	FRANCA
RACING_PARIS	Racing Club de France	FRANCA
RED_STAR_FC	Red Star FC	FRANCA
STADE_REIMS	Stade de Reims	FRANCA
STADE_RENNAIS	Stade Rennais	FRANCA
ROT_WEISS_ESSEN	Rot-Weiss Essen	ALEMANHA
SAINT_ETIENNE	Saint-Étienne	FRANCA
SCHALKE_04	FC Schalke 04	ALEMANHA
SCHWARZ_WEISS_ESSEN	Schwarz-Weiss Essen	ALEMANHA
UNION_BERLIN	1. FC Union Berlin	ALEMANHA
HELLAS_VERONA	Hellas Verona	ITALIA
LOKOMOTIVE_LEIPZIG	1. FC Lokomotive Leipzig	ALEMANHA
STUTTGART	VfB Stuttgart	ALEMANHA
MANNHEIM	VfR Mannheim	ALEMANHA
VIKTORIA_BERLIN	Viktoria Berlin	ALEMANHA
PSG	Paris Saint-Germain	FRANCA
ST_ANDREWS	St. Andrews FC	ARGENTINA
\.


--
-- TOC entry 4832 (class 0 OID 17513)
-- Dependencies: 221
-- Data for Name: titles; Type: TABLE DATA; Schema: public; Owner: postgres
--

COPY public.titles (id, season, team_id, tournament_id) FROM stdin;
1	1959	BAHIA	CAMPEONATO_BRASILEIRO
2	1960	PALMEIRAS	CAMPEONATO_BRASILEIRO
3	1961	SANTOS	CAMPEONATO_BRASILEIRO
4	1962	SANTOS	CAMPEONATO_BRASILEIRO
5	1963	SANTOS	CAMPEONATO_BRASILEIRO
6	1964	SANTOS	CAMPEONATO_BRASILEIRO
7	1965	SANTOS	CAMPEONATO_BRASILEIRO
8	1966	CRUZEIRO	CAMPEONATO_BRASILEIRO
9	1967	PALMEIRAS	CAMPEONATO_BRASILEIRO
10	1967	PALMEIRAS	CAMPEONATO_BRASILEIRO
11	1968	SANTOS	CAMPEONATO_BRASILEIRO
12	1968	BOTAFOGO	CAMPEONATO_BRASILEIRO
13	1969	PALMEIRAS	CAMPEONATO_BRASILEIRO
14	1970	FLUMINENSE	CAMPEONATO_BRASILEIRO
15	1971	ATLETICO_MG	CAMPEONATO_BRASILEIRO
16	1972	PALMEIRAS	CAMPEONATO_BRASILEIRO
17	1973	PALMEIRAS	CAMPEONATO_BRASILEIRO
18	1974	VASCO	CAMPEONATO_BRASILEIRO
19	1975	INTERNACIONAL	CAMPEONATO_BRASILEIRO
20	1976	INTERNACIONAL	CAMPEONATO_BRASILEIRO
21	1977	SAO_PAULO	CAMPEONATO_BRASILEIRO
22	1978	GUARANI	CAMPEONATO_BRASILEIRO
23	1979	INTERNACIONAL	CAMPEONATO_BRASILEIRO
24	1980	FLAMENGO	CAMPEONATO_BRASILEIRO
25	1981	GREMIO	CAMPEONATO_BRASILEIRO
26	1982	FLAMENGO	CAMPEONATO_BRASILEIRO
27	1983	FLAMENGO	CAMPEONATO_BRASILEIRO
28	1984	FLUMINENSE	CAMPEONATO_BRASILEIRO
29	1985	CORITIBA	CAMPEONATO_BRASILEIRO
30	1986	SAO_PAULO	CAMPEONATO_BRASILEIRO
31	1987	SPORT	CAMPEONATO_BRASILEIRO
32	1988	BAHIA	CAMPEONATO_BRASILEIRO
33	1989	VASCO	CAMPEONATO_BRASILEIRO
34	1990	CORINTHIANS	CAMPEONATO_BRASILEIRO
35	1991	SAO_PAULO	CAMPEONATO_BRASILEIRO
36	1992	FLAMENGO	CAMPEONATO_BRASILEIRO
37	1993	PALMEIRAS	CAMPEONATO_BRASILEIRO
38	1994	PALMEIRAS	CAMPEONATO_BRASILEIRO
39	1995	BOTAFOGO	CAMPEONATO_BRASILEIRO
40	1996	GREMIO	CAMPEONATO_BRASILEIRO
41	1997	VASCO	CAMPEONATO_BRASILEIRO
42	1998	CORINTHIANS	CAMPEONATO_BRASILEIRO
43	1999	CORINTHIANS	CAMPEONATO_BRASILEIRO
44	2000	VASCO	CAMPEONATO_BRASILEIRO
45	2001	ATHLETICO_PR	CAMPEONATO_BRASILEIRO
46	2002	SANTOS	CAMPEONATO_BRASILEIRO
47	2003	CRUZEIRO	CAMPEONATO_BRASILEIRO
48	2004	SANTOS	CAMPEONATO_BRASILEIRO
49	2005	CORINTHIANS	CAMPEONATO_BRASILEIRO
50	2006	SAO_PAULO	CAMPEONATO_BRASILEIRO
51	2007	SAO_PAULO	CAMPEONATO_BRASILEIRO
52	2008	SAO_PAULO	CAMPEONATO_BRASILEIRO
53	2009	FLAMENGO	CAMPEONATO_BRASILEIRO
54	2010	FLUMINENSE	CAMPEONATO_BRASILEIRO
55	2011	CORINTHIANS	CAMPEONATO_BRASILEIRO
56	2012	FLUMINENSE	CAMPEONATO_BRASILEIRO
57	2013	CRUZEIRO	CAMPEONATO_BRASILEIRO
58	2014	CRUZEIRO	CAMPEONATO_BRASILEIRO
59	2015	CORINTHIANS	CAMPEONATO_BRASILEIRO
60	2016	PALMEIRAS	CAMPEONATO_BRASILEIRO
61	2017	CORINTHIANS	CAMPEONATO_BRASILEIRO
62	2018	PALMEIRAS	CAMPEONATO_BRASILEIRO
63	2019	FLAMENGO	CAMPEONATO_BRASILEIRO
64	2020	FLAMENGO	CAMPEONATO_BRASILEIRO
65	2021	ATLETICO_MG	CAMPEONATO_BRASILEIRO
66	2022	PALMEIRAS	CAMPEONATO_BRASILEIRO
67	1989	GREMIO	COPA_DO_BRASIL
68	1990	FLAMENGO	COPA_DO_BRASIL
69	1991	CRICIUMA	COPA_DO_BRASIL
70	1992	INTERNACIONAL	COPA_DO_BRASIL
71	1993	CRUZEIRO	COPA_DO_BRASIL
72	1994	GREMIO	COPA_DO_BRASIL
73	1995	CORINTHIANS	COPA_DO_BRASIL
74	1996	CRUZEIRO	COPA_DO_BRASIL
75	1997	GREMIO	COPA_DO_BRASIL
76	1998	PALMEIRAS	COPA_DO_BRASIL
77	1999	JUVENTUDE	COPA_DO_BRASIL
78	2000	CRUZEIRO	COPA_DO_BRASIL
79	2001	GREMIO	COPA_DO_BRASIL
80	2002	CORINTHIANS	COPA_DO_BRASIL
81	2003	CRUZEIRO	COPA_DO_BRASIL
82	2004	SANTO_ANDRE	COPA_DO_BRASIL
83	2005	PAULISTA	COPA_DO_BRASIL
84	2006	FLAMENGO	COPA_DO_BRASIL
85	2007	FLUMINENSE	COPA_DO_BRASIL
86	2008	SPORT	COPA_DO_BRASIL
87	2009	CORINTHIANS	COPA_DO_BRASIL
88	2010	SANTOS	COPA_DO_BRASIL
89	2011	VASCO	COPA_DO_BRASIL
90	2012	PALMEIRAS	COPA_DO_BRASIL
91	2013	FLAMENGO	COPA_DO_BRASIL
92	2014	ATLETICO_MG	COPA_DO_BRASIL
93	2015	PALMEIRAS	COPA_DO_BRASIL
94	2016	GREMIO	COPA_DO_BRASIL
95	2017	CRUZEIRO	COPA_DO_BRASIL
96	2018	CRUZEIRO	COPA_DO_BRASIL
97	2019	ATHLETICO_PR	COPA_DO_BRASIL
98	2020	PALMEIRAS	COPA_DO_BRASIL
99	2021	ATLETICO_MG	COPA_DO_BRASIL
100	2022	FLAMENGO	COPA_DO_BRASIL
107	1962	SANTOS	LIBERTADORES
108	1963	SANTOS	LIBERTADORES
109	1976	CRUZEIRO	LIBERTADORES
110	1981	FLAMENGO	LIBERTADORES
111	1983	GREMIO	LIBERTADORES
112	1992	SAO_PAULO	LIBERTADORES
113	1993	SAO_PAULO	LIBERTADORES
114	1995	GREMIO	LIBERTADORES
115	1997	CRUZEIRO	LIBERTADORES
116	1998	VASCO	LIBERTADORES
117	1999	PALMEIRAS	LIBERTADORES
118	2005	SAO_PAULO	LIBERTADORES
119	2006	INTERNACIONAL	LIBERTADORES
120	2010	INTERNACIONAL	LIBERTADORES
121	2011	SANTOS	LIBERTADORES
122	2012	CORINTHIANS	LIBERTADORES
123	2013	ATLETICO_MG	LIBERTADORES
124	2017	GREMIO	LIBERTADORES
125	2019	FLAMENGO	LIBERTADORES
126	2020	PALMEIRAS	LIBERTADORES
127	2021	PALMEIRAS	LIBERTADORES
128	2022	FLAMENGO	LIBERTADORES
146	1962	SANTOS	INTERCONTINENTAL
147	1963	SANTOS	INTERCONTINENTAL
148	1981	FLAMENGO	INTERCONTINENTAL
149	1983	GREMIO	INTERCONTINENTAL
150	1992	SAO_PAULO	INTERCONTINENTAL
151	1993	SAO_PAULO	INTERCONTINENTAL
152	2000	CORINTHIANS	MUNDIAL_DE_CLUBES
153	2005	SAO_PAULO	MUNDIAL_DE_CLUBES
154	2006	INTERNACIONAL	MUNDIAL_DE_CLUBES
155	2012	CORINTHIANS	MUNDIAL_DE_CLUBES
156	1937	ATLETICO_MG	CAMPEONATO_BRASILEIRO
157	2023	SAO_PAULO	COPA_DO_BRASIL
158	2023	PALMEIRAS	CAMPEONATO_BRASILEIRO
159	2023	FLUMINENSE	LIBERTADORES
558	2023	NAPOLI	CAMPEONATO_ITALIANO
559	2022	MILAN	CAMPEONATO_ITALIANO
561	2020	JUVENTUS	CAMPEONATO_ITALIANO
562	2019	JUVENTUS	CAMPEONATO_ITALIANO
563	2018	JUVENTUS	CAMPEONATO_ITALIANO
564	2017	JUVENTUS	CAMPEONATO_ITALIANO
565	2016	JUVENTUS	CAMPEONATO_ITALIANO
566	2015	JUVENTUS	CAMPEONATO_ITALIANO
567	2014	JUVENTUS	CAMPEONATO_ITALIANO
568	2013	JUVENTUS	CAMPEONATO_ITALIANO
569	2012	JUVENTUS	CAMPEONATO_ITALIANO
570	2011	MILAN	CAMPEONATO_ITALIANO
576	2004	MILAN	CAMPEONATO_ITALIANO
577	2003	JUVENTUS	CAMPEONATO_ITALIANO
578	2002	JUVENTUS	CAMPEONATO_ITALIANO
579	2001	ROMA	CAMPEONATO_ITALIANO
580	2000	LAZIO	CAMPEONATO_ITALIANO
582	1998	JUVENTUS	CAMPEONATO_ITALIANO
583	1997	JUVENTUS	CAMPEONATO_ITALIANO
584	1996	MILAN	CAMPEONATO_ITALIANO
585	1995	JUVENTUS	CAMPEONATO_ITALIANO
586	1994	MILAN	CAMPEONATO_ITALIANO
587	1993	MILAN	CAMPEONATO_ITALIANO
588	1992	MILAN	CAMPEONATO_ITALIANO
589	1991	SAMPDORIA	CAMPEONATO_ITALIANO
590	1990	NAPOLI	CAMPEONATO_ITALIANO
592	1988	MILAN	CAMPEONATO_ITALIANO
593	1987	NAPOLI	CAMPEONATO_ITALIANO
594	1986	JUVENTUS	CAMPEONATO_ITALIANO
596	1984	JUVENTUS	CAMPEONATO_ITALIANO
597	1983	ROMA	CAMPEONATO_ITALIANO
598	1982	JUVENTUS	CAMPEONATO_ITALIANO
599	1981	JUVENTUS	CAMPEONATO_ITALIANO
601	1979	MILAN	CAMPEONATO_ITALIANO
602	1978	JUVENTUS	CAMPEONATO_ITALIANO
603	1977	JUVENTUS	CAMPEONATO_ITALIANO
604	1976	TORINO	CAMPEONATO_ITALIANO
605	1975	JUVENTUS	CAMPEONATO_ITALIANO
606	1974	LAZIO	CAMPEONATO_ITALIANO
607	1973	JUVENTUS	CAMPEONATO_ITALIANO
608	1972	JUVENTUS	CAMPEONATO_ITALIANO
610	1970	CAGLIARI	CAMPEONATO_ITALIANO
611	1969	FIORENTINA	CAMPEONATO_ITALIANO
612	1968	MILAN	CAMPEONATO_ITALIANO
613	1967	JUVENTUS	CAMPEONATO_ITALIANO
616	1964	BOLOGNA	CAMPEONATO_ITALIANO
618	1962	MILAN	CAMPEONATO_ITALIANO
619	1960	JUVENTUS	CAMPEONATO_ITALIANO
620	1961	JUVENTUS	CAMPEONATO_ITALIANO
621	1999	MILAN	CAMPEONATO_ITALIANO
622	1958	JUVENTUS	CAMPEONATO_ITALIANO
623	1957	MILAN	CAMPEONATO_ITALIANO
624	1956	FIORENTINA	CAMPEONATO_ITALIANO
625	1955	MILAN	CAMPEONATO_ITALIANO
629	1951	MILAN	CAMPEONATO_ITALIANO
630	1952	JUVENTUS	CAMPEONATO_ITALIANO
631	1943	TORINO	CAMPEONATO_ITALIANO
632	1949	TORINO	CAMPEONATO_ITALIANO
633	1948	TORINO	CAMPEONATO_ITALIANO
634	1947	TORINO	CAMPEONATO_ITALIANO
635	1946	TORINO	CAMPEONATO_ITALIANO
636	1942	ROMA	CAMPEONATO_ITALIANO
637	1941	BOLOGNA	CAMPEONATO_ITALIANO
639	1939	BOLOGNA	CAMPEONATO_ITALIANO
641	1936	BOLOGNA	CAMPEONATO_ITALIANO
642	1937	BOLOGNA	CAMPEONATO_ITALIANO
643	1931	JUVENTUS	CAMPEONATO_ITALIANO
644	1935	JUVENTUS	CAMPEONATO_ITALIANO
645	1934	JUVENTUS	CAMPEONATO_ITALIANO
646	1933	JUVENTUS	CAMPEONATO_ITALIANO
647	1932	JUVENTUS	CAMPEONATO_ITALIANO
650	1929	BOLOGNA	CAMPEONATO_ITALIANO
651	1928	TORINO	CAMPEONATO_ITALIANO
652	1926	JUVENTUS	CAMPEONATO_ITALIANO
653	1925	BOLOGNA	CAMPEONATO_ITALIANO
654	1924	GENOA	CAMPEONATO_ITALIANO
655	1923	GENOA	CAMPEONATO_ITALIANO
656	1922	NOVESE	CAMPEONATO_ITALIANO
657	1922	PRO_VERCELLI	CAMPEONATO_ITALIANO
658	1921	PRO_VERCELLI	CAMPEONATO_ITALIANO
660	1915	GENOA	CAMPEONATO_ITALIANO
661	1914	CASALE	CAMPEONATO_ITALIANO
662	1913	PRO_VERCELLI	CAMPEONATO_ITALIANO
663	1912	PRO_VERCELLI	CAMPEONATO_ITALIANO
664	1911	PRO_VERCELLI	CAMPEONATO_ITALIANO
666	1909	PRO_VERCELLI	CAMPEONATO_ITALIANO
667	1908	PRO_VERCELLI	CAMPEONATO_ITALIANO
668	1907	MILAN	CAMPEONATO_ITALIANO
669	1906	MILAN	CAMPEONATO_ITALIANO
670	1905	JUVENTUS	CAMPEONATO_ITALIANO
671	1904	GENOA	CAMPEONATO_ITALIANO
672	1903	GENOA	CAMPEONATO_ITALIANO
673	1902	GENOA	CAMPEONATO_ITALIANO
674	1901	MILAN	CAMPEONATO_ITALIANO
675	1900	GENOA	CAMPEONATO_ITALIANO
676	1899	GENOA	CAMPEONATO_ITALIANO
677	1898	GENOA	CAMPEONATO_ITALIANO
679	2007	MILAN	MUNDIAL_DE_CLUBES
682	1969	MILAN	INTERCONTINENTAL
683	1985	JUVENTUS	INTERCONTINENTAL
684	1989	MILAN	INTERCONTINENTAL
685	1990	MILAN	INTERCONTINENTAL
686	1996	JUVENTUS	INTERCONTINENTAL
687	1922	VADO	COPA_DA_ITALIA
688	1936	TORINO	COPA_DA_ITALIA
689	1937	GENOA	COPA_DA_ITALIA
690	1938	JUVENTUS	COPA_DA_ITALIA
692	1940	FIORENTINA	COPA_DA_ITALIA
693	1941	VENEZIA	COPA_DA_ITALIA
694	1942	JUVENTUS	COPA_DA_ITALIA
695	1943	TORINO	COPA_DA_ITALIA
696	1958	LAZIO	COPA_DA_ITALIA
697	1959	JUVENTUS	COPA_DA_ITALIA
698	1960	JUVENTUS	COPA_DA_ITALIA
699	1961	FIORENTINA	COPA_DA_ITALIA
700	1962	NAPOLI	COPA_DA_ITALIA
701	1963	ATALANTA	COPA_DA_ITALIA
702	1964	ROMA	COPA_DA_ITALIA
703	1965	JUVENTUS	COPA_DA_ITALIA
704	1966	FIORENTINA	COPA_DA_ITALIA
705	1967	MILAN	COPA_DA_ITALIA
706	1968	TORINO	COPA_DA_ITALIA
707	1969	ROMA	COPA_DA_ITALIA
708	1970	BOLOGNA	COPA_DA_ITALIA
709	1971	TORINO	COPA_DA_ITALIA
710	1972	MILAN	COPA_DA_ITALIA
711	1973	MILAN	COPA_DA_ITALIA
712	1974	BOLOGNA	COPA_DA_ITALIA
713	1975	FIORENTINA	COPA_DA_ITALIA
714	1976	NAPOLI	COPA_DA_ITALIA
715	1977	MILAN	COPA_DA_ITALIA
717	1979	JUVENTUS	COPA_DA_ITALIA
718	1980	ROMA	COPA_DA_ITALIA
719	1981	ROMA	COPA_DA_ITALIA
721	1983	JUVENTUS	COPA_DA_ITALIA
722	1984	ROMA	COPA_DA_ITALIA
723	1985	SAMPDORIA	COPA_DA_ITALIA
724	1986	ROMA	COPA_DA_ITALIA
725	1987	NAPOLI	COPA_DA_ITALIA
726	1988	SAMPDORIA	COPA_DA_ITALIA
727	1989	SAMPDORIA	COPA_DA_ITALIA
728	1990	JUVENTUS	COPA_DA_ITALIA
729	1991	ROMA	COPA_DA_ITALIA
730	1992	PARMA	COPA_DA_ITALIA
731	1993	TORINO	COPA_DA_ITALIA
732	1994	SAMPDORIA	COPA_DA_ITALIA
733	1995	JUVENTUS	COPA_DA_ITALIA
734	1996	FIORENTINA	COPA_DA_ITALIA
735	1997	VICENZA	COPA_DA_ITALIA
736	1998	LAZIO	COPA_DA_ITALIA
737	1999	PARMA	COPA_DA_ITALIA
738	2000	LAZIO	COPA_DA_ITALIA
739	2001	FIORENTINA	COPA_DA_ITALIA
740	2002	PARMA	COPA_DA_ITALIA
741	2003	MILAN	COPA_DA_ITALIA
742	2004	LAZIO	COPA_DA_ITALIA
745	2007	ROMA	COPA_DA_ITALIA
746	2008	ROMA	COPA_DA_ITALIA
747	2009	LAZIO	COPA_DA_ITALIA
750	2012	NAPOLI	COPA_DA_ITALIA
751	2013	LAZIO	COPA_DA_ITALIA
752	2014	NAPOLI	COPA_DA_ITALIA
753	2015	JUVENTUS	COPA_DA_ITALIA
754	2016	JUVENTUS	COPA_DA_ITALIA
755	2017	JUVENTUS	COPA_DA_ITALIA
756	2018	JUVENTUS	COPA_DA_ITALIA
757	2019	LAZIO	COPA_DA_ITALIA
758	2020	NAPOLI	COPA_DA_ITALIA
759	2021	JUVENTUS	COPA_DA_ITALIA
765	1985	JUVENTUS	CHAMPIONS_LEAGUE
766	1996	JUVENTUS	CHAMPIONS_LEAGUE
767	1969	MILAN	CHAMPIONS_LEAGUE
768	1989	MILAN	CHAMPIONS_LEAGUE
769	1990	MILAN	CHAMPIONS_LEAGUE
770	1994	MILAN	CHAMPIONS_LEAGUE
771	2003	MILAN	CHAMPIONS_LEAGUE
772	2007	MILAN	CHAMPIONS_LEAGUE
773	1963	MILAN	CHAMPIONS_LEAGUE
2140	1956	REAL_MADRID	CHAMPIONS_LEAGUE
2141	1957	REAL_MADRID	CHAMPIONS_LEAGUE
2142	1958	REAL_MADRID	CHAMPIONS_LEAGUE
2143	1959	REAL_MADRID	CHAMPIONS_LEAGUE
2144	1960	REAL_MADRID	CHAMPIONS_LEAGUE
2145	1961	BENFICA	CHAMPIONS_LEAGUE
2146	1962	BENFICA	CHAMPIONS_LEAGUE
2147	1966	REAL_MADRID	CHAMPIONS_LEAGUE
2148	1967	CELTIC	CHAMPIONS_LEAGUE
2149	1968	MANCHESTER_UNITED	CHAMPIONS_LEAGUE
2150	1970	FEYENOORD	CHAMPIONS_LEAGUE
2151	1971	AJAX	CHAMPIONS_LEAGUE
2152	1972	AJAX	CHAMPIONS_LEAGUE
2153	1973	AJAX	CHAMPIONS_LEAGUE
2154	1974	BAYERN_DE_MUNIQUE	CHAMPIONS_LEAGUE
2155	1975	BAYERN_DE_MUNIQUE	CHAMPIONS_LEAGUE
2156	1976	BAYERN_DE_MUNIQUE	CHAMPIONS_LEAGUE
2157	1977	LIVERPOOL	CHAMPIONS_LEAGUE
2158	1978	LIVERPOOL	CHAMPIONS_LEAGUE
2159	1979	NOTTINGHAM_FOREST	CHAMPIONS_LEAGUE
2160	1980	NOTTINGHAM_FOREST	CHAMPIONS_LEAGUE
2161	1981	LIVERPOOL	CHAMPIONS_LEAGUE
2162	1982	ASTON_VILLA	CHAMPIONS_LEAGUE
2164	1984	LIVERPOOL	CHAMPIONS_LEAGUE
2165	1986	STEAUA_BUCARESTE	CHAMPIONS_LEAGUE
2166	1987	PORTO	CHAMPIONS_LEAGUE
2167	1988	PSV_EINDHOVEN	CHAMPIONS_LEAGUE
2169	1992	BARCELONA	CHAMPIONS_LEAGUE
2171	1995	AJAX	CHAMPIONS_LEAGUE
2172	1997	BORUSSIA_DORTMUND	CHAMPIONS_LEAGUE
2173	1998	REAL_MADRID	CHAMPIONS_LEAGUE
2174	1999	MANCHESTER_UNITED	CHAMPIONS_LEAGUE
2175	2000	REAL_MADRID	CHAMPIONS_LEAGUE
2176	2001	BAYERN_DE_MUNIQUE	CHAMPIONS_LEAGUE
2177	2002	REAL_MADRID	CHAMPIONS_LEAGUE
2178	2004	PORTO	CHAMPIONS_LEAGUE
2179	2005	LIVERPOOL	CHAMPIONS_LEAGUE
2180	2006	BARCELONA	CHAMPIONS_LEAGUE
2181	2008	MANCHESTER_UNITED	CHAMPIONS_LEAGUE
2182	2009	BARCELONA	CHAMPIONS_LEAGUE
2183	2011	BARCELONA	CHAMPIONS_LEAGUE
2184	2012	CHELSEA	CHAMPIONS_LEAGUE
2185	2013	BAYERN_DE_MUNIQUE	CHAMPIONS_LEAGUE
2186	2014	REAL_MADRID	CHAMPIONS_LEAGUE
2187	2015	BARCELONA	CHAMPIONS_LEAGUE
2188	2016	REAL_MADRID	CHAMPIONS_LEAGUE
2189	2017	REAL_MADRID	CHAMPIONS_LEAGUE
2190	2018	REAL_MADRID	CHAMPIONS_LEAGUE
2191	2019	LIVERPOOL	CHAMPIONS_LEAGUE
2192	2020	BAYERN_DE_MUNIQUE	CHAMPIONS_LEAGUE
2193	2021	CHELSEA	CHAMPIONS_LEAGUE
2194	2022	REAL_MADRID	CHAMPIONS_LEAGUE
2195	2023	MANCHESTER_CITY	CHAMPIONS_LEAGUE
2196	2008	MANCHESTER_UNITED	MUNDIAL_DE_CLUBES
2197	2009	BARCELONA	MUNDIAL_DE_CLUBES
2198	2011	BARCELONA	MUNDIAL_DE_CLUBES
2199	2013	BAYERN_DE_MUNIQUE	MUNDIAL_DE_CLUBES
2200	2014	REAL_MADRID	MUNDIAL_DE_CLUBES
2201	2015	BARCELONA	MUNDIAL_DE_CLUBES
2202	2016	REAL_MADRID	MUNDIAL_DE_CLUBES
2203	2017	REAL_MADRID	MUNDIAL_DE_CLUBES
2204	2018	REAL_MADRID	MUNDIAL_DE_CLUBES
2205	2019	LIVERPOOL	MUNDIAL_DE_CLUBES
2206	2020	BAYERN_DE_MUNIQUE	MUNDIAL_DE_CLUBES
2207	2021	CHELSEA	MUNDIAL_DE_CLUBES
2208	2022	REAL_MADRID	MUNDIAL_DE_CLUBES
2209	2023	MANCHESTER_CITY	MUNDIAL_DE_CLUBES
2210	1960	REAL_MADRID	INTERCONTINENTAL
2211	1961	PENAROL	INTERCONTINENTAL
2212	1966	PENAROL	INTERCONTINENTAL
2213	1967	RACING	INTERCONTINENTAL
2215	1970	FEYENOORD	INTERCONTINENTAL
2216	1971	NACIONAL	INTERCONTINENTAL
2217	1972	AJAX	INTERCONTINENTAL
2218	1973	INDEPENDIENTE	INTERCONTINENTAL
2220	1976	BAYERN_DE_MUNIQUE	INTERCONTINENTAL
2221	1977	BOCA_JUNIORS	INTERCONTINENTAL
2222	1979	OLIMPIA	INTERCONTINENTAL
2223	1980	NACIONAL	INTERCONTINENTAL
2224	1982	PENAROL	INTERCONTINENTAL
2225	1984	INDEPENDIENTE	INTERCONTINENTAL
2226	1986	RIVER_PLATE	INTERCONTINENTAL
2227	1987	PORTO	INTERCONTINENTAL
2228	1988	NACIONAL	INTERCONTINENTAL
2230	1994	VELEZ_SARSFIELD	INTERCONTINENTAL
2231	1995	AJAX	INTERCONTINENTAL
2232	1997	BORUSSIA_DORTMUND	INTERCONTINENTAL
2233	1998	REAL_MADRID	INTERCONTINENTAL
2234	1999	MANCHESTER_UNITED	INTERCONTINENTAL
2235	2000	BOCA_JUNIORS	INTERCONTINENTAL
2236	2001	BAYERN_DE_MUNIQUE	INTERCONTINENTAL
2237	2002	REAL_MADRID	INTERCONTINENTAL
2238	2003	BOCA_JUNIORS	INTERCONTINENTAL
2239	2004	PORTO	INTERCONTINENTAL
2240	1960	PENAROL	LIBERTADORES
2241	1961	PENAROL	LIBERTADORES
2242	1964	INDEPENDIENTE	LIBERTADORES
2243	1965	INDEPENDIENTE	LIBERTADORES
2244	1966	PENAROL	LIBERTADORES
2245	1967	RACING	LIBERTADORES
2249	1971	NACIONAL	LIBERTADORES
2250	1972	INDEPENDIENTE	LIBERTADORES
2251	1973	INDEPENDIENTE	LIBERTADORES
2252	1974	INDEPENDIENTE	LIBERTADORES
2253	1975	INDEPENDIENTE	LIBERTADORES
2254	1977	BOCA_JUNIORS	LIBERTADORES
2255	1978	BOCA_JUNIORS	LIBERTADORES
2256	1979	OLIMPIA	LIBERTADORES
2257	1980	NACIONAL	LIBERTADORES
2258	1982	PENAROL	LIBERTADORES
2259	1984	INDEPENDIENTE	LIBERTADORES
2260	1985	ARGENTINOS_JUNIORS	LIBERTADORES
2261	1986	RIVER_PLATE	LIBERTADORES
2262	1987	PENAROL	LIBERTADORES
2263	1988	NACIONAL	LIBERTADORES
2264	1989	ATLETICO_NACIONAL	LIBERTADORES
2265	1990	OLIMPIA	LIBERTADORES
2267	1994	VELEZ_SARSFIELD	LIBERTADORES
2268	1996	RIVER_PLATE	LIBERTADORES
2269	2000	BOCA_JUNIORS	LIBERTADORES
2270	2001	BOCA_JUNIORS	LIBERTADORES
2271	2002	OLIMPIA	LIBERTADORES
2272	2003	BOCA_JUNIORS	LIBERTADORES
2273	2004	ONCE_CALDAS	LIBERTADORES
2274	2007	BOCA_JUNIORS	LIBERTADORES
2277	2014	SAN_LORENZO	LIBERTADORES
2278	2015	RIVER_PLATE	LIBERTADORES
2279	2016	ATLETICO_NACIONAL	LIBERTADORES
2280	2018	RIVER_PLATE	LIBERTADORES
2284	1907	FREIBURGER_FC	CAMPEONATO_ALEMAO
2286	1909	KARLSRUHER_SC	CAMPEONATO_ALEMAO
2287	1910	KARLSRUHER_FV	CAMPEONATO_ALEMAO
2289	1912	HOLSTEIN_KIEL	CAMPEONATO_ALEMAO
2291	1914	SPVGG_FURTH	CAMPEONATO_ALEMAO
2292	1920	NURNBERG	CAMPEONATO_ALEMAO
2293	1921	NURNBERG	CAMPEONATO_ALEMAO
2295	1924	NURNBERG	CAMPEONATO_ALEMAO
2296	1925	NURNBERG	CAMPEONATO_ALEMAO
2297	1926	SPVGG_FURTH	CAMPEONATO_ALEMAO
2298	1927	NURNBERG	CAMPEONATO_ALEMAO
2300	1929	SPVGG_FURTH	CAMPEONATO_ALEMAO
2303	1932	BAYERN_DE_MUNIQUE	CAMPEONATO_ALEMAO
2304	1933	FORTUNA_DUSSELDORF	CAMPEONATO_ALEMAO
2307	1936	NURNBERG	CAMPEONATO_ALEMAO
2316	1948	NURNBERG	CAMPEONATO_ALEMAO
2319	1951	KAISERSLAUTERN	CAMPEONATO_ALEMAO
2321	1953	KAISERSLAUTERN	CAMPEONATO_ALEMAO
2324	1956	BORUSSIA_DORTMUND	CAMPEONATO_ALEMAO
2325	1957	BORUSSIA_DORTMUND	CAMPEONATO_ALEMAO
2327	1959	EINTRACHT_FRANKFURT	CAMPEONATO_ALEMAO
2329	1961	NURNBERG	CAMPEONATO_ALEMAO
2331	1963	BORUSSIA_DORTMUND	CAMPEONATO_ALEMAO
2333	1965	WERDER_BREMEN	CAMPEONATO_ALEMAO
2335	1967	EINTRACHT_BRAUNSCHWEIG	CAMPEONATO_ALEMAO
2336	1968	NURNBERG	CAMPEONATO_ALEMAO
2337	1969	BAYERN_DE_MUNIQUE	CAMPEONATO_ALEMAO
2340	1972	BAYERN_DE_MUNIQUE	CAMPEONATO_ALEMAO
2341	1973	BAYERN_DE_MUNIQUE	CAMPEONATO_ALEMAO
2342	1974	BAYERN_DE_MUNIQUE	CAMPEONATO_ALEMAO
2348	1980	BAYERN_DE_MUNIQUE	CAMPEONATO_ALEMAO
2349	1981	BAYERN_DE_MUNIQUE	CAMPEONATO_ALEMAO
2353	1985	BAYERN_DE_MUNIQUE	CAMPEONATO_ALEMAO
2354	1986	BAYERN_DE_MUNIQUE	CAMPEONATO_ALEMAO
2355	1987	BAYERN_DE_MUNIQUE	CAMPEONATO_ALEMAO
2356	1988	WERDER_BREMEN	CAMPEONATO_ALEMAO
2357	1989	BAYERN_DE_MUNIQUE	CAMPEONATO_ALEMAO
2358	1990	BAYERN_DE_MUNIQUE	CAMPEONATO_ALEMAO
2359	1991	KAISERSLAUTERN	CAMPEONATO_ALEMAO
2361	1993	WERDER_BREMEN	CAMPEONATO_ALEMAO
2362	1994	BAYERN_DE_MUNIQUE	CAMPEONATO_ALEMAO
2363	1995	BORUSSIA_DORTMUND	CAMPEONATO_ALEMAO
2364	1996	BORUSSIA_DORTMUND	CAMPEONATO_ALEMAO
2365	1997	BAYERN_DE_MUNIQUE	CAMPEONATO_ALEMAO
2366	1998	KAISERSLAUTERN	CAMPEONATO_ALEMAO
2367	1999	BAYERN_DE_MUNIQUE	CAMPEONATO_ALEMAO
2368	2000	BAYERN_DE_MUNIQUE	CAMPEONATO_ALEMAO
2369	2001	BAYERN_DE_MUNIQUE	CAMPEONATO_ALEMAO
2370	2002	BORUSSIA_DORTMUND	CAMPEONATO_ALEMAO
2371	2003	BAYERN_DE_MUNIQUE	CAMPEONATO_ALEMAO
2372	2004	WERDER_BREMEN	CAMPEONATO_ALEMAO
2373	2005	BAYERN_DE_MUNIQUE	CAMPEONATO_ALEMAO
2374	2006	BAYERN_DE_MUNIQUE	CAMPEONATO_ALEMAO
2376	2008	BAYERN_DE_MUNIQUE	CAMPEONATO_ALEMAO
2378	2010	BAYERN_DE_MUNIQUE	CAMPEONATO_ALEMAO
2379	2011	BORUSSIA_DORTMUND	CAMPEONATO_ALEMAO
2380	2012	BORUSSIA_DORTMUND	CAMPEONATO_ALEMAO
2381	2013	BAYERN_DE_MUNIQUE	CAMPEONATO_ALEMAO
2382	2014	BAYERN_DE_MUNIQUE	CAMPEONATO_ALEMAO
2383	2015	BAYERN_DE_MUNIQUE	CAMPEONATO_ALEMAO
2384	2016	BAYERN_DE_MUNIQUE	CAMPEONATO_ALEMAO
2385	2017	BAYERN_DE_MUNIQUE	CAMPEONATO_ALEMAO
2386	2018	BAYERN_DE_MUNIQUE	CAMPEONATO_ALEMAO
2387	2019	BAYERN_DE_MUNIQUE	CAMPEONATO_ALEMAO
2388	2020	BAYERN_DE_MUNIQUE	CAMPEONATO_ALEMAO
2389	2021	BAYERN_DE_MUNIQUE	CAMPEONATO_ALEMAO
2330	1962	KOLN	CAMPEONATO_ALEMAO
2377	2009	WOLFSBURG	CAMPEONATO_ALEMAO
2390	2022	BAYERN_DE_MUNIQUE	CAMPEONATO_ALEMAO
2391	2023	BAYERN_DE_MUNIQUE	CAMPEONATO_ALEMAO
2392	1935	NURNBERG	COPA_DA_ALEMANHA
2396	1939	NURNBERG	COPA_DA_ALEMANHA
2403	1955	KARLSRUHER_SC	COPA_DA_ALEMANHA
2404	1956	KARLSRUHER_SC	COPA_DA_ALEMANHA
2405	1957	BAYERN_DE_MUNIQUE	COPA_DA_ALEMANHA
2409	1961	WERDER_BREMEN	COPA_DA_ALEMANHA
2410	1962	NURNBERG	COPA_DA_ALEMANHA
2413	1965	BORUSSIA_DORTMUND	COPA_DA_ALEMANHA
2414	1966	BAYERN_DE_MUNIQUE	COPA_DA_ALEMANHA
2415	1967	BAYERN_DE_MUNIQUE	COPA_DA_ALEMANHA
2417	1969	BAYERN_DE_MUNIQUE	COPA_DA_ALEMANHA
2418	1970	KICKERS_OFFENBACH	COPA_DA_ALEMANHA
2419	1971	BAYERN_DE_MUNIQUE	COPA_DA_ALEMANHA
2422	1974	EINTRACHT_FRANKFURT	COPA_DA_ALEMANHA
2423	1975	EINTRACHT_FRANKFURT	COPA_DA_ALEMANHA
2427	1979	FORTUNA_DUSSELDORF	COPA_DA_ALEMANHA
2428	1980	FORTUNA_DUSSELDORF	COPA_DA_ALEMANHA
2429	1981	EINTRACHT_FRANKFURT	COPA_DA_ALEMANHA
2430	1982	BAYERN_DE_MUNIQUE	COPA_DA_ALEMANHA
2432	1984	BAYERN_DE_MUNIQUE	COPA_DA_ALEMANHA
2434	1986	BAYERN_DE_MUNIQUE	COPA_DA_ALEMANHA
2436	1988	EINTRACHT_FRANKFURT	COPA_DA_ALEMANHA
2437	1989	BORUSSIA_DORTMUND	COPA_DA_ALEMANHA
2438	1990	KAISERSLAUTERN	COPA_DA_ALEMANHA
2439	1991	WERDER_BREMEN	COPA_DA_ALEMANHA
2442	1994	WERDER_BREMEN	COPA_DA_ALEMANHA
2444	1996	KAISERSLAUTERN	COPA_DA_ALEMANHA
2446	1998	BAYERN_DE_MUNIQUE	COPA_DA_ALEMANHA
2447	1999	WERDER_BREMEN	COPA_DA_ALEMANHA
2448	2000	BAYERN_DE_MUNIQUE	COPA_DA_ALEMANHA
2451	2003	BAYERN_DE_MUNIQUE	COPA_DA_ALEMANHA
2452	2004	WERDER_BREMEN	COPA_DA_ALEMANHA
2453	2005	BAYERN_DE_MUNIQUE	COPA_DA_ALEMANHA
2454	2006	BAYERN_DE_MUNIQUE	COPA_DA_ALEMANHA
2455	2007	NURNBERG	COPA_DA_ALEMANHA
2456	2008	BAYERN_DE_MUNIQUE	COPA_DA_ALEMANHA
2457	2009	WERDER_BREMEN	COPA_DA_ALEMANHA
2458	2010	BAYERN_DE_MUNIQUE	COPA_DA_ALEMANHA
2460	2012	BORUSSIA_DORTMUND	COPA_DA_ALEMANHA
2461	2013	BAYERN_DE_MUNIQUE	COPA_DA_ALEMANHA
2462	2014	BAYERN_DE_MUNIQUE	COPA_DA_ALEMANHA
2464	2016	BAYERN_DE_MUNIQUE	COPA_DA_ALEMANHA
2465	2017	BORUSSIA_DORTMUND	COPA_DA_ALEMANHA
2466	2018	EINTRACHT_FRANKFURT	COPA_DA_ALEMANHA
2467	2019	BAYERN_DE_MUNIQUE	COPA_DA_ALEMANHA
2468	2020	BAYERN_DE_MUNIQUE	COPA_DA_ALEMANHA
2469	2021	BORUSSIA_DORTMUND	COPA_DA_ALEMANHA
2470	2022	RB_LEIPZIG	COPA_DA_ALEMANHA
2471	2023	RB_LEIPZIG	COPA_DA_ALEMANHA
2472	1889	PRESTON	CAMPEONATO_INGLES
2473	1890	PRESTON	CAMPEONATO_INGLES
2474	1891	EVERTON	CAMPEONATO_INGLES
2475	1892	SUNDERLAND	CAMPEONATO_INGLES
2476	1893	SUNDERLAND	CAMPEONATO_INGLES
2477	1894	ASTON_VILLA	CAMPEONATO_INGLES
2478	1895	SUNDERLAND	CAMPEONATO_INGLES
2479	1896	ASTON_VILLA	CAMPEONATO_INGLES
2480	1897	ASTON_VILLA	CAMPEONATO_INGLES
2481	1898	SHEFFIELD_UNITED	CAMPEONATO_INGLES
2482	1899	ASTON_VILLA	CAMPEONATO_INGLES
2483	1900	ASTON_VILLA	CAMPEONATO_INGLES
2484	1901	LIVERPOOL	CAMPEONATO_INGLES
2485	1902	SUNDERLAND	CAMPEONATO_INGLES
2486	1903	SHEFFIELD_WEDNESDAY	CAMPEONATO_INGLES
2487	1904	SHEFFIELD_WEDNESDAY	CAMPEONATO_INGLES
2488	1905	NEWCASTLE	CAMPEONATO_INGLES
2489	1906	LIVERPOOL	CAMPEONATO_INGLES
2490	1907	NEWCASTLE	CAMPEONATO_INGLES
2491	1908	MANCHESTER_UNITED	CAMPEONATO_INGLES
2492	1909	NEWCASTLE	CAMPEONATO_INGLES
2493	1910	ASTON_VILLA	CAMPEONATO_INGLES
2494	1911	MANCHESTER_UNITED	CAMPEONATO_INGLES
2495	1912	BLACKBURN_ROVERS	CAMPEONATO_INGLES
2496	1913	SUNDERLAND	CAMPEONATO_INGLES
2497	1914	BLACKBURN_ROVERS	CAMPEONATO_INGLES
2498	1915	EVERTON	CAMPEONATO_INGLES
2499	1920	WEST_BROMWICH	CAMPEONATO_INGLES
2500	1921	BURNLEY	CAMPEONATO_INGLES
2501	1922	LIVERPOOL	CAMPEONATO_INGLES
2502	1923	LIVERPOOL	CAMPEONATO_INGLES
2503	1924	HUDDERSFIELD_TOWN	CAMPEONATO_INGLES
2408	1960	BORUSSIA_MONCHENGLADBACH	COPA_DA_ALEMANHA
2416	1968	KOLN	COPA_DA_ALEMANHA
2400	1943	RAPID_WIEN	COPA_DA_ALEMANHA
2463	2015	WOLFSBURG	COPA_DA_ALEMANHA
2504	1925	HUDDERSFIELD_TOWN	CAMPEONATO_INGLES
2505	1926	HUDDERSFIELD_TOWN	CAMPEONATO_INGLES
2506	1927	NEWCASTLE	CAMPEONATO_INGLES
2507	1928	EVERTON	CAMPEONATO_INGLES
2508	1929	SHEFFIELD_WEDNESDAY	CAMPEONATO_INGLES
2509	1930	SHEFFIELD_WEDNESDAY	CAMPEONATO_INGLES
2510	1931	ARSENAL	CAMPEONATO_INGLES
2511	1932	EVERTON	CAMPEONATO_INGLES
2512	1933	ARSENAL	CAMPEONATO_INGLES
2513	1934	ARSENAL	CAMPEONATO_INGLES
2514	1935	ARSENAL	CAMPEONATO_INGLES
2515	1936	SUNDERLAND	CAMPEONATO_INGLES
2516	1937	MANCHESTER_CITY	CAMPEONATO_INGLES
2517	1938	ARSENAL	CAMPEONATO_INGLES
2518	1939	EVERTON	CAMPEONATO_INGLES
2519	1947	LIVERPOOL	CAMPEONATO_INGLES
2520	1948	ARSENAL	CAMPEONATO_INGLES
2521	1949	PORTSMOUTH	CAMPEONATO_INGLES
2522	1950	PORTSMOUTH	CAMPEONATO_INGLES
2523	1951	TOTTENHAM	CAMPEONATO_INGLES
2524	1952	MANCHESTER_UNITED	CAMPEONATO_INGLES
2525	1953	ARSENAL	CAMPEONATO_INGLES
2526	1954	WOLVERHAMPTON	CAMPEONATO_INGLES
2527	1955	CHELSEA	CAMPEONATO_INGLES
2528	1956	MANCHESTER_UNITED	CAMPEONATO_INGLES
2529	1957	MANCHESTER_UNITED	CAMPEONATO_INGLES
2530	1958	WOLVERHAMPTON	CAMPEONATO_INGLES
2531	1959	WOLVERHAMPTON	CAMPEONATO_INGLES
2532	1960	BURNLEY	CAMPEONATO_INGLES
2533	1961	TOTTENHAM	CAMPEONATO_INGLES
2534	1962	IPSWICH_TOWN	CAMPEONATO_INGLES
2535	1963	EVERTON	CAMPEONATO_INGLES
2536	1964	LIVERPOOL	CAMPEONATO_INGLES
2537	1965	MANCHESTER_UNITED	CAMPEONATO_INGLES
2538	1966	LIVERPOOL	CAMPEONATO_INGLES
2539	1967	MANCHESTER_UNITED	CAMPEONATO_INGLES
2540	1968	MANCHESTER_CITY	CAMPEONATO_INGLES
2542	1970	EVERTON	CAMPEONATO_INGLES
2543	1971	ARSENAL	CAMPEONATO_INGLES
2544	1972	DERBY_COUNTY	CAMPEONATO_INGLES
2545	1973	LIVERPOOL	CAMPEONATO_INGLES
2547	1975	DERBY_COUNTY	CAMPEONATO_INGLES
2548	1976	LIVERPOOL	CAMPEONATO_INGLES
2549	1977	LIVERPOOL	CAMPEONATO_INGLES
2550	1978	NOTTINGHAM_FOREST	CAMPEONATO_INGLES
2551	1979	LIVERPOOL	CAMPEONATO_INGLES
2552	1980	LIVERPOOL	CAMPEONATO_INGLES
2553	1981	ASTON_VILLA	CAMPEONATO_INGLES
2554	1982	LIVERPOOL	CAMPEONATO_INGLES
2555	1983	LIVERPOOL	CAMPEONATO_INGLES
2556	1984	LIVERPOOL	CAMPEONATO_INGLES
2557	1985	EVERTON	CAMPEONATO_INGLES
2558	1986	LIVERPOOL	CAMPEONATO_INGLES
2559	1987	EVERTON	CAMPEONATO_INGLES
2560	1988	LIVERPOOL	CAMPEONATO_INGLES
2561	1989	ARSENAL	CAMPEONATO_INGLES
2562	1990	LIVERPOOL	CAMPEONATO_INGLES
2563	1991	ARSENAL	CAMPEONATO_INGLES
2565	1993	MANCHESTER_UNITED	CAMPEONATO_INGLES
2566	1994	MANCHESTER_UNITED	CAMPEONATO_INGLES
2567	1995	BLACKBURN_ROVERS	CAMPEONATO_INGLES
2568	1996	MANCHESTER_UNITED	CAMPEONATO_INGLES
2569	1997	MANCHESTER_UNITED	CAMPEONATO_INGLES
2570	1998	ARSENAL	CAMPEONATO_INGLES
2571	1999	MANCHESTER_UNITED	CAMPEONATO_INGLES
2572	2000	MANCHESTER_UNITED	CAMPEONATO_INGLES
2573	2001	MANCHESTER_UNITED	CAMPEONATO_INGLES
2574	2002	ARSENAL	CAMPEONATO_INGLES
2575	2003	MANCHESTER_UNITED	CAMPEONATO_INGLES
2576	2004	ARSENAL	CAMPEONATO_INGLES
2577	2005	CHELSEA	CAMPEONATO_INGLES
2578	2006	CHELSEA	CAMPEONATO_INGLES
2579	2007	MANCHESTER_UNITED	CAMPEONATO_INGLES
2580	2008	MANCHESTER_UNITED	CAMPEONATO_INGLES
2581	2009	MANCHESTER_UNITED	CAMPEONATO_INGLES
2582	2010	CHELSEA	CAMPEONATO_INGLES
2583	2011	MANCHESTER_UNITED	CAMPEONATO_INGLES
2584	2012	MANCHESTER_CITY	CAMPEONATO_INGLES
2585	2013	MANCHESTER_UNITED	CAMPEONATO_INGLES
2586	2014	MANCHESTER_CITY	CAMPEONATO_INGLES
2587	2015	CHELSEA	CAMPEONATO_INGLES
2588	2016	LEICESTER_CITY	CAMPEONATO_INGLES
2589	2017	CHELSEA	CAMPEONATO_INGLES
2590	2018	MANCHESTER_CITY	CAMPEONATO_INGLES
2591	2019	MANCHESTER_CITY	CAMPEONATO_INGLES
2592	2020	LIVERPOOL	CAMPEONATO_INGLES
2593	2021	MANCHESTER_CITY	CAMPEONATO_INGLES
2594	2022	MANCHESTER_CITY	CAMPEONATO_INGLES
2595	2023	MANCHESTER_CITY	CAMPEONATO_INGLES
2596	1872	WANDERERS	COPA_DA_INGLATERRA
2597	1873	WANDERERS	COPA_DA_INGLATERRA
2598	1874	OXFORD_UNIVERSITY	COPA_DA_INGLATERRA
2599	1875	ROYAL_ENGINEERS	COPA_DA_INGLATERRA
2601	1876	WANDERERS	COPA_DA_INGLATERRA
2603	1877	WANDERERS	COPA_DA_INGLATERRA
2604	1878	WANDERERS	COPA_DA_INGLATERRA
2605	1879	OLD_ETONIANS	COPA_DA_INGLATERRA
2606	1880	CLAPHAM_ROVERS	COPA_DA_INGLATERRA
2607	1881	OLD_CARTHUSIANS	COPA_DA_INGLATERRA
2608	1882	OLD_ETONIANS	COPA_DA_INGLATERRA
2609	1883	BLACKBURN_OLYMPIC	COPA_DA_INGLATERRA
2610	1884	BLACKBURN_ROVERS	COPA_DA_INGLATERRA
2611	1885	BLACKBURN_ROVERS	COPA_DA_INGLATERRA
2612	1886	BLACKBURN_ROVERS	COPA_DA_INGLATERRA
2614	1887	ASTON_VILLA	COPA_DA_INGLATERRA
2615	1888	WEST_BROMWICH	COPA_DA_INGLATERRA
2616	1889	PRESTON	COPA_DA_INGLATERRA
2617	1890	BLACKBURN_ROVERS	COPA_DA_INGLATERRA
2618	1891	BLACKBURN_ROVERS	COPA_DA_INGLATERRA
2619	1892	WEST_BROMWICH	COPA_DA_INGLATERRA
2620	1893	WOLVERHAMPTON	COPA_DA_INGLATERRA
2621	1894	NOTTS_COUNTY	COPA_DA_INGLATERRA
2622	1895	ASTON_VILLA	COPA_DA_INGLATERRA
2623	1896	SHEFFIELD_WEDNESDAY	COPA_DA_INGLATERRA
2624	1897	ASTON_VILLA	COPA_DA_INGLATERRA
2625	1898	NOTTINGHAM_FOREST	COPA_DA_INGLATERRA
2626	1899	SHEFFIELD_UNITED	COPA_DA_INGLATERRA
2627	1900	BURY	COPA_DA_INGLATERRA
2628	1901	TOTTENHAM	COPA_DA_INGLATERRA
2630	1902	SHEFFIELD_UNITED	COPA_DA_INGLATERRA
2632	1903	BURY	COPA_DA_INGLATERRA
2633	1904	MANCHESTER_CITY	COPA_DA_INGLATERRA
2634	1905	ASTON_VILLA	COPA_DA_INGLATERRA
2635	1906	EVERTON	COPA_DA_INGLATERRA
2636	1907	SHEFFIELD_WEDNESDAY	COPA_DA_INGLATERRA
2637	1908	WOLVERHAMPTON	COPA_DA_INGLATERRA
2638	1909	MANCHESTER_UNITED	COPA_DA_INGLATERRA
2639	1910	NEWCASTLE	COPA_DA_INGLATERRA
2643	1912	BARNSLEY	COPA_DA_INGLATERRA
2645	1913	ASTON_VILLA	COPA_DA_INGLATERRA
2646	1914	BURNLEY	COPA_DA_INGLATERRA
2647	1915	SHEFFIELD_UNITED	COPA_DA_INGLATERRA
2648	1920	ASTON_VILLA	COPA_DA_INGLATERRA
2649	1921	TOTTENHAM	COPA_DA_INGLATERRA
2650	1922	HUDDERSFIELD_TOWN	COPA_DA_INGLATERRA
2652	1924	NEWCASTLE	COPA_DA_INGLATERRA
2653	1925	SHEFFIELD_UNITED	COPA_DA_INGLATERRA
2655	1927	CARDIFF	COPA_DA_INGLATERRA
2656	1928	BLACKBURN_ROVERS	COPA_DA_INGLATERRA
2658	1930	ARSENAL	COPA_DA_INGLATERRA
2659	1931	WEST_BROMWICH	COPA_DA_INGLATERRA
2660	1932	NEWCASTLE	COPA_DA_INGLATERRA
2661	1933	EVERTON	COPA_DA_INGLATERRA
2662	1934	MANCHESTER_CITY	COPA_DA_INGLATERRA
2663	1935	SHEFFIELD_WEDNESDAY	COPA_DA_INGLATERRA
2664	1936	ARSENAL	COPA_DA_INGLATERRA
2665	1937	SUNDERLAND	COPA_DA_INGLATERRA
2666	1938	PRESTON	COPA_DA_INGLATERRA
2667	1939	PORTSMOUTH	COPA_DA_INGLATERRA
2668	1946	DERBY_COUNTY	COPA_DA_INGLATERRA
2670	1948	MANCHESTER_UNITED	COPA_DA_INGLATERRA
2671	1949	WOLVERHAMPTON	COPA_DA_INGLATERRA
2672	1950	ARSENAL	COPA_DA_INGLATERRA
2673	1951	NEWCASTLE	COPA_DA_INGLATERRA
2674	1952	NEWCASTLE	COPA_DA_INGLATERRA
2675	1953	BLACKPOOL	COPA_DA_INGLATERRA
2676	1954	WEST_BROMWICH	COPA_DA_INGLATERRA
2677	1955	NEWCASTLE	COPA_DA_INGLATERRA
2678	1956	MANCHESTER_CITY	COPA_DA_INGLATERRA
2679	1957	ASTON_VILLA	COPA_DA_INGLATERRA
2681	1959	NOTTINGHAM_FOREST	COPA_DA_INGLATERRA
2682	1960	WOLVERHAMPTON	COPA_DA_INGLATERRA
2683	1961	TOTTENHAM	COPA_DA_INGLATERRA
2684	1962	TOTTENHAM	COPA_DA_INGLATERRA
2685	1963	MANCHESTER_UNITED	COPA_DA_INGLATERRA
2686	1964	WEST_HAM	COPA_DA_INGLATERRA
2687	1965	LIVERPOOL	COPA_DA_INGLATERRA
2688	1966	EVERTON	COPA_DA_INGLATERRA
2689	1967	TOTTENHAM	COPA_DA_INGLATERRA
2690	1968	WEST_BROMWICH	COPA_DA_INGLATERRA
2691	1969	MANCHESTER_CITY	COPA_DA_INGLATERRA
2692	1970	CHELSEA	COPA_DA_INGLATERRA
2694	1971	ARSENAL	COPA_DA_INGLATERRA
2696	1973	SUNDERLAND	COPA_DA_INGLATERRA
2697	1974	LIVERPOOL	COPA_DA_INGLATERRA
2698	1975	WEST_HAM	COPA_DA_INGLATERRA
2699	1976	SOUTHAMPTON	COPA_DA_INGLATERRA
2700	1977	MANCHESTER_UNITED	COPA_DA_INGLATERRA
2701	1978	IPSWICH_TOWN	COPA_DA_INGLATERRA
2702	1979	ARSENAL	COPA_DA_INGLATERRA
2703	1980	WEST_HAM	COPA_DA_INGLATERRA
2704	1981	TOTTENHAM	COPA_DA_INGLATERRA
2706	1982	TOTTENHAM	COPA_DA_INGLATERRA
2708	1983	MANCHESTER_UNITED	COPA_DA_INGLATERRA
2710	1984	EVERTON	COPA_DA_INGLATERRA
2711	1985	MANCHESTER_UNITED	COPA_DA_INGLATERRA
2712	1986	LIVERPOOL	COPA_DA_INGLATERRA
2713	1987	COVENTRY_CITY	COPA_DA_INGLATERRA
2714	1988	WIMBLEDON	COPA_DA_INGLATERRA
2715	1989	LIVERPOOL	COPA_DA_INGLATERRA
2716	1990	MANCHESTER_UNITED	COPA_DA_INGLATERRA
2718	1991	TOTTENHAM	COPA_DA_INGLATERRA
2719	1992	LIVERPOOL	COPA_DA_INGLATERRA
2720	1993	ARSENAL	COPA_DA_INGLATERRA
2722	1994	MANCHESTER_UNITED	COPA_DA_INGLATERRA
2723	1995	EVERTON	COPA_DA_INGLATERRA
2724	1996	MANCHESTER_UNITED	COPA_DA_INGLATERRA
2725	1997	CHELSEA	COPA_DA_INGLATERRA
2726	1998	ARSENAL	COPA_DA_INGLATERRA
2727	1999	MANCHESTER_UNITED	COPA_DA_INGLATERRA
2728	2000	CHELSEA	COPA_DA_INGLATERRA
2729	2001	LIVERPOOL	COPA_DA_INGLATERRA
2730	2002	ARSENAL	COPA_DA_INGLATERRA
2731	2003	ARSENAL	COPA_DA_INGLATERRA
2732	2004	MANCHESTER_UNITED	COPA_DA_INGLATERRA
2733	2005	ARSENAL	COPA_DA_INGLATERRA
2734	2006	LIVERPOOL	COPA_DA_INGLATERRA
2735	2007	CHELSEA	COPA_DA_INGLATERRA
2736	2008	PORTSMOUTH	COPA_DA_INGLATERRA
2737	2009	CHELSEA	COPA_DA_INGLATERRA
2738	2010	CHELSEA	COPA_DA_INGLATERRA
2739	2011	MANCHESTER_CITY	COPA_DA_INGLATERRA
2740	2012	CHELSEA	COPA_DA_INGLATERRA
2741	2013	WIGAN	COPA_DA_INGLATERRA
2742	2014	ARSENAL	COPA_DA_INGLATERRA
2743	2015	ARSENAL	COPA_DA_INGLATERRA
2744	2016	MANCHESTER_UNITED	COPA_DA_INGLATERRA
2745	2017	ARSENAL	COPA_DA_INGLATERRA
2746	2018	CHELSEA	COPA_DA_INGLATERRA
2747	2019	MANCHESTER_CITY	COPA_DA_INGLATERRA
2748	2020	ARSENAL	COPA_DA_INGLATERRA
2749	2021	LEICESTER_CITY	COPA_DA_INGLATERRA
2750	2022	LIVERPOOL	COPA_DA_INGLATERRA
2751	2023	MANCHESTER_CITY	COPA_DA_INGLATERRA
2752	1903	ATHLETIC_BILBAO	COPA_DA_ESPANHA
2753	1904	ATHLETIC_BILBAO	COPA_DA_ESPANHA
2754	1905	REAL_MADRID	COPA_DA_ESPANHA
2755	1906	REAL_MADRID	COPA_DA_ESPANHA
2756	1907	REAL_MADRID	COPA_DA_ESPANHA
2757	1908	REAL_MADRID	COPA_DA_ESPANHA
2759	1910	ATHLETIC_BILBAO	COPA_DA_ESPANHA
2760	1910	BARCELONA	COPA_DA_ESPANHA
2761	1911	ATHLETIC_BILBAO	COPA_DA_ESPANHA
2762	1912	BARCELONA	COPA_DA_ESPANHA
2764	1913	BARCELONA	COPA_DA_ESPANHA
2765	1914	ATHLETIC_BILBAO	COPA_DA_ESPANHA
2766	1915	ATHLETIC_BILBAO	COPA_DA_ESPANHA
2767	1916	ATHLETIC_BILBAO	COPA_DA_ESPANHA
2768	1917	REAL_MADRID	COPA_DA_ESPANHA
2769	1918	REAL_UNION	COPA_DA_ESPANHA
2770	1919	ARENAS_CLUB	COPA_DA_ESPANHA
2771	1920	BARCELONA	COPA_DA_ESPANHA
2772	1921	ATHLETIC_BILBAO	COPA_DA_ESPANHA
2773	1922	BARCELONA	COPA_DA_ESPANHA
2774	1923	ATHLETIC_BILBAO	COPA_DA_ESPANHA
2775	1924	REAL_UNION	COPA_DA_ESPANHA
2776	1925	BARCELONA	COPA_DA_ESPANHA
2777	1926	BARCELONA	COPA_DA_ESPANHA
2778	1927	REAL_UNION	COPA_DA_ESPANHA
2779	1928	BARCELONA	COPA_DA_ESPANHA
2780	1929	ESPANYOL	COPA_DA_ESPANHA
2781	1930	ATHLETIC_BILBAO	COPA_DA_ESPANHA
2782	1931	ATHLETIC_BILBAO	COPA_DA_ESPANHA
2783	1932	ATHLETIC_BILBAO	COPA_DA_ESPANHA
2784	1933	ATHLETIC_BILBAO	COPA_DA_ESPANHA
2785	1934	REAL_MADRID	COPA_DA_ESPANHA
2786	1935	SEVILLA	COPA_DA_ESPANHA
2787	1936	REAL_MADRID	COPA_DA_ESPANHA
2788	1939	SEVILLA	COPA_DA_ESPANHA
2789	1940	ESPANYOL	COPA_DA_ESPANHA
2790	1941	VALENCIA	COPA_DA_ESPANHA
2791	1942	BARCELONA	COPA_DA_ESPANHA
2792	1943	ATHLETIC_BILBAO	COPA_DA_ESPANHA
2793	1944	ATHLETIC_BILBAO	COPA_DA_ESPANHA
2794	1945	ATHLETIC_BILBAO	COPA_DA_ESPANHA
2795	1946	REAL_MADRID	COPA_DA_ESPANHA
2796	1947	REAL_MADRID	COPA_DA_ESPANHA
2797	1948	SEVILLA	COPA_DA_ESPANHA
2798	1949	VALENCIA	COPA_DA_ESPANHA
2799	1950	ATHLETIC_BILBAO	COPA_DA_ESPANHA
2800	1951	BARCELONA	COPA_DA_ESPANHA
2801	1952	BARCELONA	COPA_DA_ESPANHA
2802	1953	BARCELONA	COPA_DA_ESPANHA
2803	1954	VALENCIA	COPA_DA_ESPANHA
2804	1955	ATHLETIC_BILBAO	COPA_DA_ESPANHA
2805	1956	ATHLETIC_BILBAO	COPA_DA_ESPANHA
2806	1957	BARCELONA	COPA_DA_ESPANHA
2807	1958	ATHLETIC_BILBAO	COPA_DA_ESPANHA
2808	1959	BARCELONA	COPA_DA_ESPANHA
2811	1962	REAL_MADRID	COPA_DA_ESPANHA
2812	1963	BARCELONA	COPA_DA_ESPANHA
2813	1964	REAL_ZARAGOZA	COPA_DA_ESPANHA
2815	1966	REAL_ZARAGOZA	COPA_DA_ESPANHA
2816	1967	VALENCIA	COPA_DA_ESPANHA
2817	1968	BARCELONA	COPA_DA_ESPANHA
2818	1969	ATHLETIC_BILBAO	COPA_DA_ESPANHA
2819	1970	REAL_MADRID	COPA_DA_ESPANHA
2820	1971	BARCELONA	COPA_DA_ESPANHA
2822	1973	ATHLETIC_BILBAO	COPA_DA_ESPANHA
2823	1974	REAL_MADRID	COPA_DA_ESPANHA
2824	1975	REAL_MADRID	COPA_DA_ESPANHA
2826	1977	REAL_BETIS	COPA_DA_ESPANHA
2827	1978	BARCELONA	COPA_DA_ESPANHA
2828	1979	VALENCIA	COPA_DA_ESPANHA
2829	1980	REAL_MADRID	COPA_DA_ESPANHA
2830	1981	BARCELONA	COPA_DA_ESPANHA
2831	1982	REAL_MADRID	COPA_DA_ESPANHA
2832	1983	BARCELONA	COPA_DA_ESPANHA
2833	1984	ATHLETIC_BILBAO	COPA_DA_ESPANHA
2835	1986	REAL_ZARAGOZA	COPA_DA_ESPANHA
2836	1987	REAL_SOCIEDAD	COPA_DA_ESPANHA
2837	1988	BARCELONA	COPA_DA_ESPANHA
2838	1989	REAL_MADRID	COPA_DA_ESPANHA
2839	1990	BARCELONA	COPA_DA_ESPANHA
2842	1993	REAL_MADRID	COPA_DA_ESPANHA
2843	1994	REAL_ZARAGOZA	COPA_DA_ESPANHA
2844	1995	DEPORTIVO_LA_CORUNA	COPA_DA_ESPANHA
2846	1997	BARCELONA	COPA_DA_ESPANHA
2847	1998	BARCELONA	COPA_DA_ESPANHA
2848	1999	VALENCIA	COPA_DA_ESPANHA
2849	2000	ESPANYOL	COPA_DA_ESPANHA
2850	2001	REAL_ZARAGOZA	COPA_DA_ESPANHA
2851	2002	DEPORTIVO_LA_CORUNA	COPA_DA_ESPANHA
2852	2003	MALLORCA	COPA_DA_ESPANHA
2853	2004	REAL_ZARAGOZA	COPA_DA_ESPANHA
2854	2005	REAL_BETIS	COPA_DA_ESPANHA
2855	2006	ESPANYOL	COPA_DA_ESPANHA
2856	2007	SEVILLA	COPA_DA_ESPANHA
2857	2008	VALENCIA	COPA_DA_ESPANHA
2858	2009	BARCELONA	COPA_DA_ESPANHA
2859	2010	SEVILLA	COPA_DA_ESPANHA
2860	2011	REAL_MADRID	COPA_DA_ESPANHA
2861	2012	BARCELONA	COPA_DA_ESPANHA
2863	2014	REAL_MADRID	COPA_DA_ESPANHA
2864	2015	BARCELONA	COPA_DA_ESPANHA
2865	2016	BARCELONA	COPA_DA_ESPANHA
2866	2017	BARCELONA	COPA_DA_ESPANHA
2867	2018	BARCELONA	COPA_DA_ESPANHA
2868	2019	VALENCIA	COPA_DA_ESPANHA
2869	2020	REAL_SOCIEDAD	COPA_DA_ESPANHA
2870	2021	BARCELONA	COPA_DA_ESPANHA
2871	2022	REAL_BETIS	COPA_DA_ESPANHA
2872	2023	REAL_MADRID	COPA_DA_ESPANHA
2873	2023	BARCELONA	CAMPEONATO_ESPANHOL
2874	2022	REAL_MADRID	CAMPEONATO_ESPANHOL
2876	2020	REAL_MADRID	CAMPEONATO_ESPANHOL
2877	2019	BARCELONA	CAMPEONATO_ESPANHOL
2878	2018	BARCELONA	CAMPEONATO_ESPANHOL
2879	2017	REAL_MADRID	CAMPEONATO_ESPANHOL
2880	2016	BARCELONA	CAMPEONATO_ESPANHOL
2881	2015	BARCELONA	CAMPEONATO_ESPANHOL
2883	2013	BARCELONA	CAMPEONATO_ESPANHOL
2884	2012	REAL_MADRID	CAMPEONATO_ESPANHOL
2885	2011	BARCELONA	CAMPEONATO_ESPANHOL
2886	2010	BARCELONA	CAMPEONATO_ESPANHOL
2887	2009	BARCELONA	CAMPEONATO_ESPANHOL
2888	2008	REAL_MADRID	CAMPEONATO_ESPANHOL
2889	2007	REAL_MADRID	CAMPEONATO_ESPANHOL
2890	2006	BARCELONA	CAMPEONATO_ESPANHOL
2891	2005	BARCELONA	CAMPEONATO_ESPANHOL
2892	2004	VALENCIA	CAMPEONATO_ESPANHOL
2893	2003	REAL_MADRID	CAMPEONATO_ESPANHOL
2894	2002	VALENCIA	CAMPEONATO_ESPANHOL
2895	2001	REAL_MADRID	CAMPEONATO_ESPANHOL
2896	2000	DEPORTIVO_LA_CORUNA	CAMPEONATO_ESPANHOL
2897	1999	BARCELONA	CAMPEONATO_ESPANHOL
2898	1998	BARCELONA	CAMPEONATO_ESPANHOL
2899	1997	REAL_MADRID	CAMPEONATO_ESPANHOL
2901	1995	REAL_MADRID	CAMPEONATO_ESPANHOL
2902	1994	BARCELONA	CAMPEONATO_ESPANHOL
2903	1993	BARCELONA	CAMPEONATO_ESPANHOL
2904	1992	BARCELONA	CAMPEONATO_ESPANHOL
2905	1991	BARCELONA	CAMPEONATO_ESPANHOL
2906	1990	REAL_MADRID	CAMPEONATO_ESPANHOL
2907	1989	REAL_MADRID	CAMPEONATO_ESPANHOL
2908	1988	REAL_MADRID	CAMPEONATO_ESPANHOL
2909	1987	REAL_MADRID	CAMPEONATO_ESPANHOL
2910	1986	REAL_MADRID	CAMPEONATO_ESPANHOL
2911	1985	BARCELONA	CAMPEONATO_ESPANHOL
2912	1984	ATHLETIC_BILBAO	CAMPEONATO_ESPANHOL
2913	1983	ATHLETIC_BILBAO	CAMPEONATO_ESPANHOL
2914	1982	REAL_SOCIEDAD	CAMPEONATO_ESPANHOL
2915	1981	REAL_SOCIEDAD	CAMPEONATO_ESPANHOL
2916	1980	REAL_MADRID	CAMPEONATO_ESPANHOL
2917	1979	REAL_MADRID	CAMPEONATO_ESPANHOL
2918	1978	REAL_MADRID	CAMPEONATO_ESPANHOL
2920	1976	REAL_MADRID	CAMPEONATO_ESPANHOL
2921	1975	REAL_MADRID	CAMPEONATO_ESPANHOL
2922	1974	BARCELONA	CAMPEONATO_ESPANHOL
2924	1972	REAL_MADRID	CAMPEONATO_ESPANHOL
2925	1971	VALENCIA	CAMPEONATO_ESPANHOL
2927	1969	REAL_MADRID	CAMPEONATO_ESPANHOL
2928	1968	REAL_MADRID	CAMPEONATO_ESPANHOL
2929	1967	REAL_MADRID	CAMPEONATO_ESPANHOL
2931	1965	REAL_MADRID	CAMPEONATO_ESPANHOL
2932	1964	REAL_MADRID	CAMPEONATO_ESPANHOL
2933	1963	REAL_MADRID	CAMPEONATO_ESPANHOL
2934	1962	REAL_MADRID	CAMPEONATO_ESPANHOL
2935	1961	REAL_MADRID	CAMPEONATO_ESPANHOL
2936	1960	BARCELONA	CAMPEONATO_ESPANHOL
2937	1959	BARCELONA	CAMPEONATO_ESPANHOL
2938	1958	REAL_MADRID	CAMPEONATO_ESPANHOL
2939	1957	REAL_MADRID	CAMPEONATO_ESPANHOL
2940	1956	ATHLETIC_BILBAO	CAMPEONATO_ESPANHOL
2941	1955	REAL_MADRID	CAMPEONATO_ESPANHOL
2942	1954	REAL_MADRID	CAMPEONATO_ESPANHOL
2943	1953	BARCELONA	CAMPEONATO_ESPANHOL
2944	1952	BARCELONA	CAMPEONATO_ESPANHOL
2947	1949	BARCELONA	CAMPEONATO_ESPANHOL
2948	1948	BARCELONA	CAMPEONATO_ESPANHOL
2949	1947	VALENCIA	CAMPEONATO_ESPANHOL
2950	1946	SEVILLA	CAMPEONATO_ESPANHOL
2951	1945	BARCELONA	CAMPEONATO_ESPANHOL
2952	1944	VALENCIA	CAMPEONATO_ESPANHOL
2953	1943	ATHLETIC_BILBAO	CAMPEONATO_ESPANHOL
2954	1942	VALENCIA	CAMPEONATO_ESPANHOL
2957	1936	ATHLETIC_BILBAO	CAMPEONATO_ESPANHOL
2958	1935	REAL_BETIS	CAMPEONATO_ESPANHOL
2959	1934	ATHLETIC_BILBAO	CAMPEONATO_ESPANHOL
2960	1933	REAL_MADRID	CAMPEONATO_ESPANHOL
2961	1932	REAL_MADRID	CAMPEONATO_ESPANHOL
2962	1931	ATHLETIC_BILBAO	CAMPEONATO_ESPANHOL
2963	1930	ATHLETIC_BILBAO	CAMPEONATO_ESPANHOL
2964	1929	BARCELONA	CAMPEONATO_ESPANHOL
2992	1934	SETE	CAMPEONATO_FRANCES
2993	1935	SOUCHAUX	CAMPEONATO_FRANCES
2994	1936	RACING_PARIS	CAMPEONATO_FRANCES
2996	1938	SOUCHAUX	CAMPEONATO_FRANCES
2997	1939	SETE	CAMPEONATO_FRANCES
2998	1946	LILLE	CAMPEONATO_FRANCES
3002	1950	BORDEAUX	CAMPEONATO_FRANCES
3003	1951	NICE	CAMPEONATO_FRANCES
3004	1952	NICE	CAMPEONATO_FRANCES
3006	1954	LILLE	CAMPEONATO_FRANCES
3008	1956	NICE	CAMPEONATO_FRANCES
3011	1959	NICE	CAMPEONATO_FRANCES
3013	1961	MONACO	CAMPEONATO_FRANCES
3015	1963	MONACO	CAMPEONATO_FRANCES
3017	1965	NANTES	CAMPEONATO_FRANCES
3018	1966	NANTES	CAMPEONATO_FRANCES
3025	1973	NANTES	CAMPEONATO_FRANCES
3029	1977	NANTES	CAMPEONATO_FRANCES
3030	1978	MONACO	CAMPEONATO_FRANCES
3031	1979	STRASBOURG	CAMPEONATO_FRANCES
3032	1980	NANTES	CAMPEONATO_FRANCES
3034	1982	MONACO	CAMPEONATO_FRANCES
3035	1983	NANTES	CAMPEONATO_FRANCES
3036	1984	BORDEAUX	CAMPEONATO_FRANCES
3037	1985	BORDEAUX	CAMPEONATO_FRANCES
3039	1987	BORDEAUX	CAMPEONATO_FRANCES
3040	1988	MONACO	CAMPEONATO_FRANCES
3046	1995	NANTES	CAMPEONATO_FRANCES
3047	1996	AUXERRE	CAMPEONATO_FRANCES
3048	1997	MONACO	CAMPEONATO_FRANCES
3049	1998	LENS	CAMPEONATO_FRANCES
3050	1999	BORDEAUX	CAMPEONATO_FRANCES
3051	2000	MONACO	CAMPEONATO_FRANCES
3052	2001	NANTES	CAMPEONATO_FRANCES
3053	2002	LYON	CAMPEONATO_FRANCES
3054	2003	LYON	CAMPEONATO_FRANCES
3055	2004	LYON	CAMPEONATO_FRANCES
3056	2005	LYON	CAMPEONATO_FRANCES
3057	2006	LYON	CAMPEONATO_FRANCES
3058	2007	LYON	CAMPEONATO_FRANCES
3059	2008	LYON	CAMPEONATO_FRANCES
3060	2009	BORDEAUX	CAMPEONATO_FRANCES
3062	2011	LILLE	CAMPEONATO_FRANCES
3063	2012	MONTPELLIER	CAMPEONATO_FRANCES
3068	2017	MONACO	CAMPEONATO_FRANCES
3072	2021	LILLE	CAMPEONATO_FRANCES
3075	1918	OLYMPIQUE_DE_PARIS	COPA_DA_FRANCA
3076	1919	CASG_PARIS	COPA_DA_FRANCA
3082	1925	CASG_PARIS	COPA_DA_FRANCA
3086	1929	MONTPELLIER	COPA_DA_FRANCA
3087	1930	SETE	COPA_DA_FRANCA
3088	1931	CLUB_FRANCAIS	COPA_DA_FRANCA
3089	1932	CANNES	COPA_DA_FRANCA
3091	1934	SETE	COPA_DA_FRANCA
3093	1936	RACING_PARIS	COPA_DA_FRANCA
3094	1937	SOUCHAUX	COPA_DA_FRANCA
3096	1939	RACING_PARIS	COPA_DA_FRANCA
3097	1940	RACING_PARIS	COPA_DA_FRANCA
3098	1941	BORDEAUX	COPA_DA_FRANCA
3101	1944	NANCY	COPA_DA_FRANCA
3102	1945	RACING_PARIS	COPA_DA_FRANCA
3103	1946	LILLE	COPA_DA_FRANCA
3104	1947	LILLE	COPA_DA_FRANCA
3105	1948	LILLE	COPA_DA_FRANCA
3106	1949	RACING_PARIS	COPA_DA_FRANCA
3108	1951	STRASBOURG	COPA_DA_FRANCA
3109	1952	NICE	COPA_DA_FRANCA
3110	1953	LILLE	COPA_DA_FRANCA
3111	1954	NICE	COPA_DA_FRANCA
3112	1955	LILLE	COPA_DA_FRANCA
3113	1956	SEDAN	COPA_DA_FRANCA
3114	1957	TOULOUSE	COPA_DA_FRANCA
3116	1959	LE_HAVRE	COPA_DA_FRANCA
3117	1960	MONACO	COPA_DA_FRANCA
3118	1961	SEDAN	COPA_DA_FRANCA
3120	1963	MONACO	COPA_DA_FRANCA
3121	1964	LYON	COPA_DA_FRANCA
3123	1966	STRASBOURG	COPA_DA_FRANCA
3124	1967	LYON	COPA_DA_FRANCA
3130	1973	LYON	COPA_DA_FRANCA
3135	1978	NANCY	COPA_DA_FRANCA
3136	1979	NANTES	COPA_DA_FRANCA
3137	1980	MONACO	COPA_DA_FRANCA
3138	1981	BASTIA	COPA_DA_FRANCA
3141	1984	METZ	COPA_DA_FRANCA
3142	1985	MONACO	COPA_DA_FRANCA
3143	1986	BORDEAUX	COPA_DA_FRANCA
3144	1987	BORDEAUX	COPA_DA_FRANCA
3145	1988	METZ	COPA_DA_FRANCA
3147	1990	MONTPELLIER	COPA_DA_FRANCA
3148	1991	MONACO	COPA_DA_FRANCA
3150	1994	AUXERRE	COPA_DA_FRANCA
3152	1996	AUXERRE	COPA_DA_FRANCA
3153	1997	NICE	COPA_DA_FRANCA
3155	1999	NANTES	COPA_DA_FRANCA
3156	2000	NANTES	COPA_DA_FRANCA
3157	2001	STRASBOURG	COPA_DA_FRANCA
3158	2002	LORIENT	COPA_DA_FRANCA
3159	2003	AUXERRE	COPA_DA_FRANCA
3161	2005	AUXERRE	COPA_DA_FRANCA
3163	2007	SOUCHAUX	COPA_DA_FRANCA
3164	2008	LYON	COPA_DA_FRANCA
3165	2009	GUINGAMP	COPA_DA_FRANCA
3167	2011	LILLE	COPA_DA_FRANCA
3168	2012	LYON	COPA_DA_FRANCA
3169	2013	BORDEAUX	COPA_DA_FRANCA
3170	2014	GUINGAMP	COPA_DA_FRANCA
3178	2022	NANTES	COPA_DA_FRANCA
3179	2023	TOULOUSE	COPA_DA_FRANCA
3181	1891	OLD_CALEDONIANS	CAMPEONATO_ARGENTINO
3189	1900	ALUMNI	CAMPEONATO_ARGENTINO
3190	1901	ALUMNI	CAMPEONATO_ARGENTINO
3191	1902	ALUMNI	CAMPEONATO_ARGENTINO
3192	1903	ALUMNI	CAMPEONATO_ARGENTINO
3194	1905	ALUMNI	CAMPEONATO_ARGENTINO
3195	1906	ALUMNI	CAMPEONATO_ARGENTINO
3196	1907	ALUMNI	CAMPEONATO_ARGENTINO
3198	1909	ALUMNI	CAMPEONATO_ARGENTINO
3199	1910	ALUMNI	CAMPEONATO_ARGENTINO
3200	1911	ALUMNI	CAMPEONATO_ARGENTINO
3201	1912	QUILMES	CAMPEONATO_ARGENTINO
3202	1918	PORTENO	CAMPEONATO_ARGENTINO
3203	1913	RACING	CAMPEONATO_ARGENTINO
3205	1914	RACING	CAMPEONATO_ARGENTINO
3206	1914	PORTENO	CAMPEONATO_ARGENTINO
3207	1915	RACING	CAMPEONATO_ARGENTINO
3208	1916	RACING	CAMPEONATO_ARGENTINO
3209	1917	RACING	CAMPEONATO_ARGENTINO
3210	1918	RACING	CAMPEONATO_ARGENTINO
3211	1919	BOCA_JUNIORS	CAMPEONATO_ARGENTINO
3212	1919	RACING	CAMPEONATO_ARGENTINO
3213	1920	BOCA_JUNIORS	CAMPEONATO_ARGENTINO
3214	1920	RIVER_PLATE	CAMPEONATO_ARGENTINO
3215	1921	HURACAN	CAMPEONATO_ARGENTINO
3216	1921	RACING	CAMPEONATO_ARGENTINO
3217	1922	HURACAN	CAMPEONATO_ARGENTINO
3218	1922	INDEPENDIENTE	CAMPEONATO_ARGENTINO
3219	1923	BOCA_JUNIORS	CAMPEONATO_ARGENTINO
3220	1923	SAN_LORENZO	CAMPEONATO_ARGENTINO
3221	1924	BOCA_JUNIORS	CAMPEONATO_ARGENTINO
3222	1924	SAN_LORENZO	CAMPEONATO_ARGENTINO
3223	1925	HURACAN	CAMPEONATO_ARGENTINO
3224	1925	RACING	CAMPEONATO_ARGENTINO
3225	1926	BOCA_JUNIORS	CAMPEONATO_ARGENTINO
3226	1926	INDEPENDIENTE	CAMPEONATO_ARGENTINO
3227	1927	SAN_LORENZO	CAMPEONATO_ARGENTINO
3228	1928	HURACAN	CAMPEONATO_ARGENTINO
3230	1930	BOCA_JUNIORS	CAMPEONATO_ARGENTINO
3231	1931	ESTUDIANTIL_PORTENO	CAMPEONATO_ARGENTINO
3232	1931	BOCA_JUNIORS	CAMPEONATO_ARGENTINO
3233	1932	SPORTIVO_BARRACAS	CAMPEONATO_ARGENTINO
3234	1932	RIVER_PLATE	CAMPEONATO_ARGENTINO
3235	1933	DOCK_SUD	CAMPEONATO_ARGENTINO
3236	1933	SAN_LORENZO	CAMPEONATO_ARGENTINO
3237	1934	ESTUDIANTIL_PORTENO	CAMPEONATO_ARGENTINO
3238	1934	BOCA_JUNIORS	CAMPEONATO_ARGENTINO
3239	1935	BOCA_JUNIORS	CAMPEONATO_ARGENTINO
3240	1936	SAN_LORENZO	CAMPEONATO_ARGENTINO
3241	1936	RIVER_PLATE	CAMPEONATO_ARGENTINO
3242	1936	RIVER_PLATE	CAMPEONATO_ARGENTINO
3243	1937	RIVER_PLATE	CAMPEONATO_ARGENTINO
3244	1938	INDEPENDIENTE	CAMPEONATO_ARGENTINO
3245	1939	INDEPENDIENTE	CAMPEONATO_ARGENTINO
3246	1940	BOCA_JUNIORS	CAMPEONATO_ARGENTINO
3247	1941	RIVER_PLATE	CAMPEONATO_ARGENTINO
3248	1942	RIVER_PLATE	CAMPEONATO_ARGENTINO
3249	1943	BOCA_JUNIORS	CAMPEONATO_ARGENTINO
3250	1944	BOCA_JUNIORS	CAMPEONATO_ARGENTINO
3251	1945	RIVER_PLATE	CAMPEONATO_ARGENTINO
3252	1946	SAN_LORENZO	CAMPEONATO_ARGENTINO
3253	1947	RIVER_PLATE	CAMPEONATO_ARGENTINO
3254	1948	INDEPENDIENTE	CAMPEONATO_ARGENTINO
3255	1949	RACING	CAMPEONATO_ARGENTINO
3256	1950	RACING	CAMPEONATO_ARGENTINO
3257	1951	RACING	CAMPEONATO_ARGENTINO
3258	1952	RIVER_PLATE	CAMPEONATO_ARGENTINO
3259	1953	RIVER_PLATE	CAMPEONATO_ARGENTINO
3260	1954	BOCA_JUNIORS	CAMPEONATO_ARGENTINO
3261	1955	RIVER_PLATE	CAMPEONATO_ARGENTINO
3262	1956	RIVER_PLATE	CAMPEONATO_ARGENTINO
3263	1957	RIVER_PLATE	CAMPEONATO_ARGENTINO
3264	1958	RACING	CAMPEONATO_ARGENTINO
3265	1959	SAN_LORENZO	CAMPEONATO_ARGENTINO
3266	1960	INDEPENDIENTE	CAMPEONATO_ARGENTINO
3267	1961	RACING	CAMPEONATO_ARGENTINO
3268	1962	BOCA_JUNIORS	CAMPEONATO_ARGENTINO
3269	1963	INDEPENDIENTE	CAMPEONATO_ARGENTINO
3270	1964	BOCA_JUNIORS	CAMPEONATO_ARGENTINO
3271	1965	BOCA_JUNIORS	CAMPEONATO_ARGENTINO
3272	1966	RACING	CAMPEONATO_ARGENTINO
3274	1967	INDEPENDIENTE	CAMPEONATO_ARGENTINO
3275	1968	SAN_LORENZO	CAMPEONATO_ARGENTINO
3276	1968	VELEZ_SARSFIELD	CAMPEONATO_ARGENTINO
3277	1969	CHACARITA_JUNIORS	CAMPEONATO_ARGENTINO
3278	1969	BOCA_JUNIORS	CAMPEONATO_ARGENTINO
3279	1970	INDEPENDIENTE	CAMPEONATO_ARGENTINO
3280	1970	BOCA_JUNIORS	CAMPEONATO_ARGENTINO
3281	1971	INDEPENDIENTE	CAMPEONATO_ARGENTINO
3282	1971	ROSARIO_CENTRAL	CAMPEONATO_ARGENTINO
3283	1972	SAN_LORENZO	CAMPEONATO_ARGENTINO
3284	1972	SAN_LORENZO	CAMPEONATO_ARGENTINO
3285	1973	HURACAN	CAMPEONATO_ARGENTINO
3286	1973	ROSARIO_CENTRAL	CAMPEONATO_ARGENTINO
3288	1974	SAN_LORENZO	CAMPEONATO_ARGENTINO
3289	1975	RIVER_PLATE	CAMPEONATO_ARGENTINO
3290	1975	RIVER_PLATE	CAMPEONATO_ARGENTINO
3291	1976	BOCA_JUNIORS	CAMPEONATO_ARGENTINO
3292	1976	BOCA_JUNIORS	CAMPEONATO_ARGENTINO
3293	1977	RIVER_PLATE	CAMPEONATO_ARGENTINO
3294	1977	INDEPENDIENTE	CAMPEONATO_ARGENTINO
3295	1978	QUILMES	CAMPEONATO_ARGENTINO
3296	1978	INDEPENDIENTE	CAMPEONATO_ARGENTINO
3297	1979	RIVER_PLATE	CAMPEONATO_ARGENTINO
3298	1979	RIVER_PLATE	CAMPEONATO_ARGENTINO
3299	1980	RIVER_PLATE	CAMPEONATO_ARGENTINO
3300	1980	ROSARIO_CENTRAL	CAMPEONATO_ARGENTINO
3301	1981	BOCA_JUNIORS	CAMPEONATO_ARGENTINO
3302	1981	RIVER_PLATE	CAMPEONATO_ARGENTINO
3304	1982	FERRO_CARRIL_OESTE	CAMPEONATO_ARGENTINO
3305	1983	INDEPENDIENTE	CAMPEONATO_ARGENTINO
3307	1984	ARGENTINOS_JUNIORS	CAMPEONATO_ARGENTINO
3308	1984	FERRO_CARRIL_OESTE	CAMPEONATO_ARGENTINO
3309	1985	ARGENTINOS_JUNIORS	CAMPEONATO_ARGENTINO
3310	1986	RIVER_PLATE	CAMPEONATO_ARGENTINO
3311	1987	ROSARIO_CENTRAL	CAMPEONATO_ARGENTINO
3313	1989	INDEPENDIENTE	CAMPEONATO_ARGENTINO
3314	1990	RIVER_PLATE	CAMPEONATO_ARGENTINO
3316	1991	RIVER_PLATE	CAMPEONATO_ARGENTINO
3318	1992	BOCA_JUNIORS	CAMPEONATO_ARGENTINO
3319	1993	VELEZ_SARSFIELD	CAMPEONATO_ARGENTINO
3320	1993	RIVER_PLATE	CAMPEONATO_ARGENTINO
3321	1994	INDEPENDIENTE	CAMPEONATO_ARGENTINO
3322	1994	RIVER_PLATE	CAMPEONATO_ARGENTINO
3323	1995	SAN_LORENZO	CAMPEONATO_ARGENTINO
3324	1995	VELEZ_SARSFIELD	CAMPEONATO_ARGENTINO
3325	1996	VELEZ_SARSFIELD	CAMPEONATO_ARGENTINO
3326	1996	RIVER_PLATE	CAMPEONATO_ARGENTINO
3327	1997	RIVER_PLATE	CAMPEONATO_ARGENTINO
3328	1997	RIVER_PLATE	CAMPEONATO_ARGENTINO
3329	1998	VELEZ_SARSFIELD	CAMPEONATO_ARGENTINO
3330	1998	BOCA_JUNIORS	CAMPEONATO_ARGENTINO
3331	1999	BOCA_JUNIORS	CAMPEONATO_ARGENTINO
3332	1999	RIVER_PLATE	CAMPEONATO_ARGENTINO
3333	2000	RIVER_PLATE	CAMPEONATO_ARGENTINO
3334	2000	BOCA_JUNIORS	CAMPEONATO_ARGENTINO
3335	2001	SAN_LORENZO	CAMPEONATO_ARGENTINO
3336	2001	RACING	CAMPEONATO_ARGENTINO
3337	2002	RIVER_PLATE	CAMPEONATO_ARGENTINO
3338	2002	INDEPENDIENTE	CAMPEONATO_ARGENTINO
3339	2003	RIVER_PLATE	CAMPEONATO_ARGENTINO
3340	2003	BOCA_JUNIORS	CAMPEONATO_ARGENTINO
3341	2004	RIVER_PLATE	CAMPEONATO_ARGENTINO
3343	2005	VELEZ_SARSFIELD	CAMPEONATO_ARGENTINO
3344	2005	BOCA_JUNIORS	CAMPEONATO_ARGENTINO
3345	2006	BOCA_JUNIORS	CAMPEONATO_ARGENTINO
3347	2007	SAN_LORENZO	CAMPEONATO_ARGENTINO
3348	2007	LANUS	CAMPEONATO_ARGENTINO
3349	2008	RIVER_PLATE	CAMPEONATO_ARGENTINO
3350	2008	BOCA_JUNIORS	CAMPEONATO_ARGENTINO
3351	2009	VELEZ_SARSFIELD	CAMPEONATO_ARGENTINO
3352	2009	BANFIELD	CAMPEONATO_ARGENTINO
3353	2010	ARGENTINOS_JUNIORS	CAMPEONATO_ARGENTINO
3355	2011	VELEZ_SARSFIELD	CAMPEONATO_ARGENTINO
3356	2011	BOCA_JUNIORS	CAMPEONATO_ARGENTINO
3358	2012	VELEZ_SARSFIELD	CAMPEONATO_ARGENTINO
3360	2012	VELEZ_SARSFIELD	CAMPEONATO_ARGENTINO
3361	2013	SAN_LORENZO	CAMPEONATO_ARGENTINO
3362	2014	RIVER_PLATE	CAMPEONATO_ARGENTINO
3363	2014	RACING	CAMPEONATO_ARGENTINO
3364	2015	BOCA_JUNIORS	CAMPEONATO_ARGENTINO
3365	2016	LANUS	CAMPEONATO_ARGENTINO
3366	2017	BOCA_JUNIORS	CAMPEONATO_ARGENTINO
3367	2018	BOCA_JUNIORS	CAMPEONATO_ARGENTINO
3368	2019	RACING	CAMPEONATO_ARGENTINO
3369	2020	BOCA_JUNIORS	CAMPEONATO_ARGENTINO
3370	2021	RIVER_PLATE	CAMPEONATO_ARGENTINO
3371	2022	BOCA_JUNIORS	CAMPEONATO_ARGENTINO
3372	2023	RIVER_PLATE	CAMPEONATO_ARGENTINO
3373	1969	BOCA_JUNIORS	COPA_DA_ARGENTINA
3374	2012	BOCA_JUNIORS	COPA_DA_ARGENTINA
3376	2014	HURACAN	COPA_DA_ARGENTINA
3377	2015	BOCA_JUNIORS	COPA_DA_ARGENTINA
3378	2016	RIVER_PLATE	COPA_DA_ARGENTINA
3379	2017	RIVER_PLATE	COPA_DA_ARGENTINA
3380	2018	ROSARIO_CENTRAL	COPA_DA_ARGENTINA
3381	2019	RIVER_PLATE	COPA_DA_ARGENTINA
3382	2020	BOCA_JUNIORS	COPA_DA_ARGENTINA
3383	2022	PATRONATO	COPA_DA_ARGENTINA
3385	1900	PENAROL	CAMPEONATO_URUGUAIO
3386	1901	PENAROL	CAMPEONATO_URUGUAIO
3387	1902	NACIONAL	CAMPEONATO_URUGUAIO
3388	1903	NACIONAL	CAMPEONATO_URUGUAIO
3389	1905	PENAROL	CAMPEONATO_URUGUAIO
3390	1906	MONTEVIDEO_WANDERERS	CAMPEONATO_URUGUAIO
3391	1907	PENAROL	CAMPEONATO_URUGUAIO
3392	1908	RIVER_PLATE_FC	CAMPEONATO_URUGUAIO
3393	1909	MONTEVIDEO_WANDERERS	CAMPEONATO_URUGUAIO
3394	1910	RIVER_PLATE_FC	CAMPEONATO_URUGUAIO
3395	1911	PENAROL	CAMPEONATO_URUGUAIO
3396	1912	NACIONAL	CAMPEONATO_URUGUAIO
3397	1913	RIVER_PLATE_FC	CAMPEONATO_URUGUAIO
3398	1914	RIVER_PLATE_FC	CAMPEONATO_URUGUAIO
3399	1915	NACIONAL	CAMPEONATO_URUGUAIO
3400	1916	NACIONAL	CAMPEONATO_URUGUAIO
3401	1917	NACIONAL	CAMPEONATO_URUGUAIO
3402	1918	PENAROL	CAMPEONATO_URUGUAIO
3403	1919	NACIONAL	CAMPEONATO_URUGUAIO
3404	1920	NACIONAL	CAMPEONATO_URUGUAIO
3405	1921	PENAROL	CAMPEONATO_URUGUAIO
3406	1922	NACIONAL	CAMPEONATO_URUGUAIO
3407	1923	NACIONAL	CAMPEONATO_URUGUAIO
3408	1924	NACIONAL	CAMPEONATO_URUGUAIO
3409	1927	RAMPLA_JUNIORS	CAMPEONATO_URUGUAIO
3410	1928	PENAROL	CAMPEONATO_URUGUAIO
3411	1929	PENAROL	CAMPEONATO_URUGUAIO
3412	1931	MONTEVIDEO_WANDERERS	CAMPEONATO_URUGUAIO
3413	1932	PENAROL	CAMPEONATO_URUGUAIO
3414	1933	NACIONAL	CAMPEONATO_URUGUAIO
3415	1934	NACIONAL	CAMPEONATO_URUGUAIO
3416	1935	PENAROL	CAMPEONATO_URUGUAIO
3417	1936	PENAROL	CAMPEONATO_URUGUAIO
3418	1937	PENAROL	CAMPEONATO_URUGUAIO
3419	1938	PENAROL	CAMPEONATO_URUGUAIO
3420	1939	NACIONAL	CAMPEONATO_URUGUAIO
3421	1940	NACIONAL	CAMPEONATO_URUGUAIO
3422	1941	NACIONAL	CAMPEONATO_URUGUAIO
3423	1942	NACIONAL	CAMPEONATO_URUGUAIO
3424	1943	NACIONAL	CAMPEONATO_URUGUAIO
3425	1944	PENAROL	CAMPEONATO_URUGUAIO
3426	1945	PENAROL	CAMPEONATO_URUGUAIO
3427	1946	NACIONAL	CAMPEONATO_URUGUAIO
3428	1947	NACIONAL	CAMPEONATO_URUGUAIO
3429	1949	PENAROL	CAMPEONATO_URUGUAIO
3430	1950	NACIONAL	CAMPEONATO_URUGUAIO
3431	1951	PENAROL	CAMPEONATO_URUGUAIO
3432	1952	NACIONAL	CAMPEONATO_URUGUAIO
3433	1953	PENAROL	CAMPEONATO_URUGUAIO
3434	1954	PENAROL	CAMPEONATO_URUGUAIO
3435	1955	NACIONAL	CAMPEONATO_URUGUAIO
3436	1956	NACIONAL	CAMPEONATO_URUGUAIO
3437	1957	NACIONAL	CAMPEONATO_URUGUAIO
3438	1958	PENAROL	CAMPEONATO_URUGUAIO
3439	1959	PENAROL	CAMPEONATO_URUGUAIO
3440	1960	PENAROL	CAMPEONATO_URUGUAIO
3441	1961	PENAROL	CAMPEONATO_URUGUAIO
3442	1962	PENAROL	CAMPEONATO_URUGUAIO
3443	1963	NACIONAL	CAMPEONATO_URUGUAIO
3444	1964	PENAROL	CAMPEONATO_URUGUAIO
3445	1965	PENAROL	CAMPEONATO_URUGUAIO
3446	1966	NACIONAL	CAMPEONATO_URUGUAIO
3447	1967	PENAROL	CAMPEONATO_URUGUAIO
3448	1968	PENAROL	CAMPEONATO_URUGUAIO
3449	1969	NACIONAL	CAMPEONATO_URUGUAIO
3450	1970	NACIONAL	CAMPEONATO_URUGUAIO
3451	1971	NACIONAL	CAMPEONATO_URUGUAIO
3452	1972	NACIONAL	CAMPEONATO_URUGUAIO
3453	1973	PENAROL	CAMPEONATO_URUGUAIO
3454	1974	PENAROL	CAMPEONATO_URUGUAIO
3455	1975	PENAROL	CAMPEONATO_URUGUAIO
3457	1977	NACIONAL	CAMPEONATO_URUGUAIO
3458	1978	PENAROL	CAMPEONATO_URUGUAIO
3459	1979	PENAROL	CAMPEONATO_URUGUAIO
3460	1980	NACIONAL	CAMPEONATO_URUGUAIO
3461	1981	PENAROL	CAMPEONATO_URUGUAIO
3462	1982	PENAROL	CAMPEONATO_URUGUAIO
3463	1983	NACIONAL	CAMPEONATO_URUGUAIO
3464	1984	CENTRAL_ESPANOL	CAMPEONATO_URUGUAIO
3465	1985	PENAROL	CAMPEONATO_URUGUAIO
3466	1986	PENAROL	CAMPEONATO_URUGUAIO
3468	1988	DANUBIO	CAMPEONATO_URUGUAIO
3469	1989	PROGRESSO	CAMPEONATO_URUGUAIO
3470	1990	BELLA_VISTA	CAMPEONATO_URUGUAIO
3472	1992	NACIONAL	CAMPEONATO_URUGUAIO
3473	1993	PENAROL	CAMPEONATO_URUGUAIO
3474	1994	PENAROL	CAMPEONATO_URUGUAIO
3475	1995	PENAROL	CAMPEONATO_URUGUAIO
3476	1996	PENAROL	CAMPEONATO_URUGUAIO
3477	1997	PENAROL	CAMPEONATO_URUGUAIO
3478	1998	NACIONAL	CAMPEONATO_URUGUAIO
3479	1999	PENAROL	CAMPEONATO_URUGUAIO
3480	2000	NACIONAL	CAMPEONATO_URUGUAIO
3481	2001	NACIONAL	CAMPEONATO_URUGUAIO
3482	2002	NACIONAL	CAMPEONATO_URUGUAIO
3483	2003	PENAROL	CAMPEONATO_URUGUAIO
3484	2004	DANUBIO	CAMPEONATO_URUGUAIO
3485	2005	NACIONAL	CAMPEONATO_URUGUAIO
3486	2006	NACIONAL	CAMPEONATO_URUGUAIO
3487	2007	DANUBIO	CAMPEONATO_URUGUAIO
3489	2009	NACIONAL	CAMPEONATO_URUGUAIO
3490	2010	PENAROL	CAMPEONATO_URUGUAIO
3491	2011	NACIONAL	CAMPEONATO_URUGUAIO
3492	2012	NACIONAL	CAMPEONATO_URUGUAIO
3493	2013	PENAROL	CAMPEONATO_URUGUAIO
3494	2014	DANUBIO	CAMPEONATO_URUGUAIO
3495	2015	NACIONAL	CAMPEONATO_URUGUAIO
3496	2016	PENAROL	CAMPEONATO_URUGUAIO
3497	2016	NACIONAL	CAMPEONATO_URUGUAIO
3498	2017	PENAROL	CAMPEONATO_URUGUAIO
3499	2018	PENAROL	CAMPEONATO_URUGUAIO
3500	2019	NACIONAL	CAMPEONATO_URUGUAIO
3501	2020	NACIONAL	CAMPEONATO_URUGUAIO
3502	2021	PENAROL	CAMPEONATO_URUGUAIO
3503	2022	NACIONAL	CAMPEONATO_URUGUAIO
3506	1950	JUVENTUS	CAMPEONATO_ITALIANO
3507	1959	MILAN	CAMPEONATO_ITALIANO
2334	1966	TSV_1860_MUNCHEN	CAMPEONATO_ALEMAO
2399	1942	TSV_1860_MUNCHEN	COPA_DA_ALEMANHA
2412	1964	TSV_1860_MUNCHEN	COPA_DA_ALEMANHA
3357	2012	ARSENAL_SARANDI	CAMPEONATO_ARGENTINO
3375	2013	ARSENAL_SARANDI	COPA_DA_ARGENTINA
2219	1974	ATLETICO_MADRID	INTERCONTINENTAL
2809	1960	ATLETICO_MADRID	COPA_DA_ESPANHA
2810	1961	ATLETICO_MADRID	COPA_DA_ESPANHA
2814	1965	ATLETICO_MADRID	COPA_DA_ESPANHA
2821	1972	ATLETICO_MADRID	COPA_DA_ESPANHA
2825	1976	ATLETICO_MADRID	COPA_DA_ESPANHA
2834	1985	ATLETICO_MADRID	COPA_DA_ESPANHA
2840	1991	ATLETICO_MADRID	COPA_DA_ESPANHA
2841	1992	ATLETICO_MADRID	COPA_DA_ESPANHA
2845	1996	ATLETICO_MADRID	COPA_DA_ESPANHA
2862	2013	ATLETICO_MADRID	COPA_DA_ESPANHA
2875	2021	ATLETICO_MADRID	CAMPEONATO_ESPANHOL
2882	2014	ATLETICO_MADRID	CAMPEONATO_ESPANHOL
2900	1996	ATLETICO_MADRID	CAMPEONATO_ESPANHOL
2919	1977	ATLETICO_MADRID	CAMPEONATO_ESPANHOL
2923	1973	ATLETICO_MADRID	CAMPEONATO_ESPANHOL
2926	1970	ATLETICO_MADRID	CAMPEONATO_ESPANHOL
2930	1966	ATLETICO_MADRID	CAMPEONATO_ESPANHOL
2945	1951	ATLETICO_MADRID	CAMPEONATO_ESPANHOL
2946	1950	ATLETICO_MADRID	CAMPEONATO_ESPANHOL
2955	1941	ATLETICO_MADRID	CAMPEONATO_ESPANHOL
2956	1940	ATLETICO_MADRID	CAMPEONATO_ESPANHOL
2338	1970	BORUSSIA_MONCHENGLADBACH	CAMPEONATO_ALEMAO
2339	1971	BORUSSIA_MONCHENGLADBACH	CAMPEONATO_ALEMAO
2343	1975	BORUSSIA_MONCHENGLADBACH	CAMPEONATO_ALEMAO
2344	1976	BORUSSIA_MONCHENGLADBACH	CAMPEONATO_ALEMAO
2345	1977	BORUSSIA_MONCHENGLADBACH	CAMPEONATO_ALEMAO
2421	1973	BORUSSIA_MONCHENGLADBACH	COPA_DA_ALEMANHA
2443	1995	BORUSSIA_MONCHENGLADBACH	COPA_DA_ALEMANHA
2441	1993	BAYER_LEVERKUSEN	COPA_DA_ALEMANHA
2433	1985	KFC_UERDINGEN_05	COPA_DA_ALEMANHA
3188	1899	BELGRANO	CAMPEONATO_ARGENTINO
3193	1904	BELGRANO	CAMPEONATO_ARGENTINO
3197	1908	BELGRANO	CAMPEONATO_ARGENTINO
2651	1923	BOLTON_WANDERERS	COPA_DA_INGLATERRA
2654	1926	BOLTON_WANDERERS	COPA_DA_INGLATERRA
2657	1929	BOLTON_WANDERERS	COPA_DA_INGLATERRA
2680	1958	BOLTON_WANDERERS	COPA_DA_INGLATERRA
2641	1911	BRADFORD_CITY	COPA_DA_INGLATERRA
3077	1920	CA_PARIS_CHARENTON	COPA_DA_FRANCA
2758	1909	CLUB_CICLISTA_SAN_SEBASTIAN	COPA_DA_ESPANHA
2266	1991	COLO_COLO	LIBERTADORES
2332	1964	KOLN	CAMPEONATO_ALEMAO
2346	1978	KOLN	CAMPEONATO_ALEMAO
2425	1977	KOLN	COPA_DA_ALEMANHA
2426	1978	KOLN	COPA_DA_ALEMANHA
2431	1983	KOLN	COPA_DA_ALEMANHA
3456	1976	DEFENSOR_SPORTING	CAMPEONATO_URUGUAIO
3467	1987	DEFENSOR_SPORTING	CAMPEONATO_URUGUAIO
3471	1991	DEFENSOR_SPORTING	CAMPEONATO_URUGUAIO
3488	2008	DEFENSOR_SPORTING	CAMPEONATO_URUGUAIO
3505	2022	DEFENSOR_SPORTING	COPA_DO_URUGUAI
2314	1943	DRESDNER_EISLOWEN	CAMPEONATO_ALEMAO
2315	1944	DRESDNER_EISLOWEN	CAMPEONATO_ALEMAO
2397	1940	DRESDNER_EISLOWEN	COPA_DA_ALEMANHA
2398	1941	DRESDNER_EISLOWEN	COPA_DA_ALEMANHA
2168	1991	CRVENA_ZVEZDA	CHAMPIONS_LEAGUE
2229	1991	CRVENA_ZVEZDA	INTERCONTINENTAL
2214	1968	ESTUDIANTES	INTERCONTINENTAL
2246	1968	ESTUDIANTES	LIBERTADORES
2247	1969	ESTUDIANTES	LIBERTADORES
2248	1970	ESTUDIANTES	LIBERTADORES
2669	1947	CHARLTON_ATHLETIC	COPA_DA_INGLATERRA
2999	1947	EXCELSIOR_AC	CAMPEONATO_FRANCES
3090	1933	EXCELSIOR_AC	COPA_DA_FRANCA
2163	1983	HAMBURGER_SV	CHAMPIONS_LEAGUE
2294	1923	HAMBURGER_SV	CAMPEONATO_ALEMAO
2299	1928	HAMBURGER_SV	CAMPEONATO_ALEMAO
2328	1960	HAMBURGER_SV	CAMPEONATO_ALEMAO
2347	1979	HAMBURGER_SV	CAMPEONATO_ALEMAO
2350	1982	HAMBURGER_SV	CAMPEONATO_ALEMAO
2351	1983	HAMBURGER_SV	CAMPEONATO_ALEMAO
2411	1963	HAMBURGER_SV	COPA_DA_ALEMANHA
2424	1976	HAMBURGER_SV	COPA_DA_ALEMANHA
2435	1987	HAMBURGER_SV	COPA_DA_ALEMANHA
2309	1938	HANNOVER_96	CAMPEONATO_ALEMAO
2322	1954	HANNOVER_96	CAMPEONATO_ALEMAO
2440	1992	HANNOVER_96	COPA_DA_ALEMANHA
2301	1930	HERTHA_BSC	CAMPEONATO_ALEMAO
2302	1931	HERTHA_BSC	CAMPEONATO_ALEMAO
560	2021	INTER	CAMPEONATO_ITALIANO
571	2010	INTER	CAMPEONATO_ITALIANO
572	2009	INTER	CAMPEONATO_ITALIANO
573	2008	INTER	CAMPEONATO_ITALIANO
574	2007	INTER	CAMPEONATO_ITALIANO
575	2006	INTER	CAMPEONATO_ITALIANO
591	1989	INTER	CAMPEONATO_ITALIANO
600	1980	INTER	CAMPEONATO_ITALIANO
609	1971	INTER	CAMPEONATO_ITALIANO
614	1965	INTER	CAMPEONATO_ITALIANO
615	1966	INTER	CAMPEONATO_ITALIANO
617	1963	INTER	CAMPEONATO_ITALIANO
626	1953	INTER	CAMPEONATO_ITALIANO
627	1954	INTER	CAMPEONATO_ITALIANO
638	1940	INTER	CAMPEONATO_ITALIANO
640	1938	INTER	CAMPEONATO_ITALIANO
649	1930	INTER	CAMPEONATO_ITALIANO
659	1920	INTER	CAMPEONATO_ITALIANO
665	1910	INTER	CAMPEONATO_ITALIANO
678	2010	INTER	MUNDIAL_DE_CLUBES
680	1964	INTER	INTERCONTINENTAL
681	1965	INTER	INTERCONTINENTAL
691	1939	INTER	COPA_DA_ITALIA
716	1978	INTER	COPA_DA_ITALIA
720	1982	INTER	COPA_DA_ITALIA
743	2005	INTER	COPA_DA_ITALIA
744	2006	INTER	COPA_DA_ITALIA
748	2010	INTER	COPA_DA_ITALIA
749	2011	INTER	COPA_DA_ITALIA
760	2022	INTER	COPA_DA_ITALIA
761	2023	INTER	COPA_DA_ITALIA
762	1964	INTER	CHAMPIONS_LEAGUE
763	1965	INTER	CHAMPIONS_LEAGUE
764	2010	INTER	CHAMPIONS_LEAGUE
2275	2008	LDU	LIBERTADORES
2541	1969	LEEDS_UNITED	CAMPEONATO_INGLES
2546	1974	LEEDS_UNITED	CAMPEONATO_INGLES
2564	1992	LEEDS_UNITED	CAMPEONATO_INGLES
2695	1972	LEEDS_UNITED	COPA_DA_INGLATERRA
3504	2023	LIVERPOOL_URUGUAI	CAMPEONATO_URUGUAIO
3182	1894	LOMAS	CAMPEONATO_ARGENTINO
3183	1894	LOMAS	CAMPEONATO_ARGENTINO
3184	1895	LOMAS	CAMPEONATO_ARGENTINO
3185	1896	LOMAS	CAMPEONATO_ARGENTINO
3186	1897	LOMAS	CAMPEONATO_ARGENTINO
3187	1898	LOMAS	CAMPEONATO_ARGENTINO
3287	1974	NEWELLS_OLD_BOYS	CAMPEONATO_ARGENTINO
3312	1988	NEWELLS_OLD_BOYS	CAMPEONATO_ARGENTINO
3315	1990	NEWELLS_OLD_BOYS	CAMPEONATO_ARGENTINO
3317	1992	NEWELLS_OLD_BOYS	CAMPEONATO_ARGENTINO
3342	2004	NEWELLS_OLD_BOYS	CAMPEONATO_ARGENTINO
3359	2013	NEWELLS_OLD_BOYS	CAMPEONATO_ARGENTINO
2991	1933	OLYMPIQUE_LILLOIS	CAMPEONATO_FRANCES
2170	1993	OLYMPIQUE_MARSEILLE	CHAMPIONS_LEAGUE
2995	1937	OLYMPIQUE_MARSEILLE	CAMPEONATO_FRANCES
3000	1948	OLYMPIQUE_MARSEILLE	CAMPEONATO_FRANCES
3023	1971	OLYMPIQUE_MARSEILLE	CAMPEONATO_FRANCES
3024	1972	OLYMPIQUE_MARSEILLE	CAMPEONATO_FRANCES
3041	1989	OLYMPIQUE_MARSEILLE	CAMPEONATO_FRANCES
3042	1990	OLYMPIQUE_MARSEILLE	CAMPEONATO_FRANCES
3043	1991	OLYMPIQUE_MARSEILLE	CAMPEONATO_FRANCES
3044	1992	OLYMPIQUE_MARSEILLE	CAMPEONATO_FRANCES
3061	2010	OLYMPIQUE_MARSEILLE	CAMPEONATO_FRANCES
3081	1924	OLYMPIQUE_MARSEILLE	COPA_DA_FRANCA
3083	1926	OLYMPIQUE_MARSEILLE	COPA_DA_FRANCA
3084	1927	OLYMPIQUE_MARSEILLE	COPA_DA_FRANCA
3092	1935	OLYMPIQUE_MARSEILLE	COPA_DA_FRANCA
3095	1938	OLYMPIQUE_MARSEILLE	COPA_DA_FRANCA
3100	1943	OLYMPIQUE_MARSEILLE	COPA_DA_FRANCA
3126	1969	OLYMPIQUE_MARSEILLE	COPA_DA_FRANCA
3129	1972	OLYMPIQUE_MARSEILLE	COPA_DA_FRANCA
3133	1976	OLYMPIQUE_MARSEILLE	COPA_DA_FRANCA
3146	1989	OLYMPIQUE_MARSEILLE	COPA_DA_FRANCA
3229	1929	GIMNASIA_Y_ESGRIMA	CAMPEONATO_ARGENTINO
3038	1986	PSG	CAMPEONATO_FRANCES
3045	1994	PSG	CAMPEONATO_FRANCES
3064	2013	PSG	CAMPEONATO_FRANCES
2312	1941	RAPID_WIEN	CAMPEONATO_ALEMAO
2395	1938	RAPID_WIEN	COPA_DA_ALEMANHA
3078	1921	RED_STAR_FC	COPA_DA_FRANCA
3079	1922	RED_STAR_FC	COPA_DA_FRANCA
3080	1923	RED_STAR_FC	COPA_DA_FRANCA
3085	1928	RED_STAR_FC	COPA_DA_FRANCA
3099	1942	RED_STAR_FC	COPA_DA_FRANCA
3001	1949	STADE_REIMS	CAMPEONATO_FRANCES
3005	1953	STADE_REIMS	CAMPEONATO_FRANCES
3007	1955	STADE_REIMS	CAMPEONATO_FRANCES
3010	1958	STADE_REIMS	CAMPEONATO_FRANCES
3012	1960	STADE_REIMS	CAMPEONATO_FRANCES
3014	1962	STADE_REIMS	CAMPEONATO_FRANCES
3107	1950	STADE_REIMS	COPA_DA_FRANCA
3115	1958	STADE_REIMS	COPA_DA_FRANCA
3122	1965	STADE_RENNAIS	COPA_DA_FRANCA
3128	1971	STADE_RENNAIS	COPA_DA_FRANCA
3175	2019	STADE_RENNAIS	COPA_DA_FRANCA
2323	1955	ROT_WEISS_ESSEN	CAMPEONATO_ALEMAO
2401	1953	ROT_WEISS_ESSEN	COPA_DA_ALEMANHA
3009	1957	SAINT_ETIENNE	CAMPEONATO_FRANCES
3016	1964	SAINT_ETIENNE	CAMPEONATO_FRANCES
3019	1967	SAINT_ETIENNE	CAMPEONATO_FRANCES
3020	1968	SAINT_ETIENNE	CAMPEONATO_FRANCES
3021	1969	SAINT_ETIENNE	CAMPEONATO_FRANCES
3022	1970	SAINT_ETIENNE	CAMPEONATO_FRANCES
3026	1974	SAINT_ETIENNE	CAMPEONATO_FRANCES
3027	1975	SAINT_ETIENNE	CAMPEONATO_FRANCES
3028	1976	SAINT_ETIENNE	CAMPEONATO_FRANCES
3033	1981	SAINT_ETIENNE	CAMPEONATO_FRANCES
3119	1962	SAINT_ETIENNE	COPA_DA_FRANCA
3125	1968	SAINT_ETIENNE	COPA_DA_FRANCA
3127	1970	SAINT_ETIENNE	COPA_DA_FRANCA
3131	1974	SAINT_ETIENNE	COPA_DA_FRANCA
3132	1975	SAINT_ETIENNE	COPA_DA_FRANCA
3134	1977	SAINT_ETIENNE	COPA_DA_FRANCA
2305	1934	SCHALKE_04	CAMPEONATO_ALEMAO
2306	1935	SCHALKE_04	CAMPEONATO_ALEMAO
2308	1937	SCHALKE_04	CAMPEONATO_ALEMAO
2310	1939	SCHALKE_04	CAMPEONATO_ALEMAO
2311	1940	SCHALKE_04	CAMPEONATO_ALEMAO
2313	1942	SCHALKE_04	CAMPEONATO_ALEMAO
2326	1958	SCHALKE_04	CAMPEONATO_ALEMAO
2394	1937	SCHALKE_04	COPA_DA_ALEMANHA
2420	1972	SCHALKE_04	COPA_DA_ALEMANHA
2449	2001	SCHALKE_04	COPA_DA_ALEMANHA
2450	2002	SCHALKE_04	COPA_DA_ALEMANHA
2459	2011	SCHALKE_04	COPA_DA_ALEMANHA
2407	1959	SCHWARZ_WEISS_ESSEN	COPA_DA_ALEMANHA
2282	1905	UNION_BERLIN	CAMPEONATO_ALEMAO
595	1985	HELLAS_VERONA	CAMPEONATO_ITALIANO
2281	1903	LOKOMOTIVE_LEIPZIG	CAMPEONATO_ALEMAO
2283	1906	LOKOMOTIVE_LEIPZIG	CAMPEONATO_ALEMAO
2290	1913	LOKOMOTIVE_LEIPZIG	CAMPEONATO_ALEMAO
2393	1936	LOKOMOTIVE_LEIPZIG	COPA_DA_ALEMANHA
2318	1950	STUTTGART	CAMPEONATO_ALEMAO
2320	1952	STUTTGART	CAMPEONATO_ALEMAO
2352	1984	STUTTGART	CAMPEONATO_ALEMAO
2360	1992	STUTTGART	CAMPEONATO_ALEMAO
2375	2007	STUTTGART	CAMPEONATO_ALEMAO
2402	1954	STUTTGART	COPA_DA_ALEMANHA
2406	1958	STUTTGART	COPA_DA_ALEMANHA
2445	1997	STUTTGART	COPA_DA_ALEMANHA
2317	1949	MANNHEIM	CAMPEONATO_ALEMAO
2285	1908	VIKTORIA_BERLIN	CAMPEONATO_ALEMAO
2288	1911	VIKTORIA_BERLIN	CAMPEONATO_ALEMAO
2763	1913	REAL_UNION	COPA_DA_ESPANHA
2276	2009	ESTUDIANTES	LIBERTADORES
3204	1913	ESTUDIANTES	CAMPEONATO_ARGENTINO
3273	1967	ESTUDIANTES	CAMPEONATO_ARGENTINO
3303	1982	ESTUDIANTES	CAMPEONATO_ARGENTINO
3306	1983	ESTUDIANTES	CAMPEONATO_ARGENTINO
3346	2006	ESTUDIANTES	CAMPEONATO_ARGENTINO
3354	2010	ESTUDIANTES	CAMPEONATO_ARGENTINO
3384	2023	ESTUDIANTES	COPA_DA_ARGENTINA
3065	2014	PSG	CAMPEONATO_FRANCES
3066	2015	PSG	CAMPEONATO_FRANCES
3067	2016	PSG	CAMPEONATO_FRANCES
3069	2018	PSG	CAMPEONATO_FRANCES
3070	2019	PSG	CAMPEONATO_FRANCES
3071	2020	PSG	CAMPEONATO_FRANCES
3073	2022	PSG	CAMPEONATO_FRANCES
3074	2023	PSG	CAMPEONATO_FRANCES
3139	1982	PSG	COPA_DA_FRANCA
3140	1983	PSG	COPA_DA_FRANCA
3149	1993	PSG	COPA_DA_FRANCA
3151	1995	PSG	COPA_DA_FRANCA
3154	1998	PSG	COPA_DA_FRANCA
3160	2004	PSG	COPA_DA_FRANCA
3162	2006	PSG	COPA_DA_FRANCA
3166	2010	PSG	COPA_DA_FRANCA
3171	2015	PSG	COPA_DA_FRANCA
3172	2016	PSG	COPA_DA_FRANCA
3173	2017	PSG	COPA_DA_FRANCA
3174	2018	PSG	COPA_DA_FRANCA
3176	2020	PSG	COPA_DA_FRANCA
3177	2021	PSG	COPA_DA_FRANCA
3180	1891	ST_ANDREWS	CAMPEONATO_ARGENTINO
\.


--
-- TOC entry 4827 (class 0 OID 16477)
-- Dependencies: 216
-- Data for Name: tournament_groups; Type: TABLE DATA; Schema: public; Owner: postgres
--

COPY public.tournament_groups (id, name, points, notes) FROM stdin;
CONTINENTAL	Continentais	3	Apenas o continental de 1º escalão de cada continente, como Libertadores e Champions League.
MUNDIAL	Mundiais	4	A Copa do Mundo de Clubes da FIFA (2000 - atualmente) e a Copa Intercontinental que foi disputada até 2004.
COPA	Copas Nacionais	1	As copas principais de cada país, ignorando torneios como copa da liga, supercopa, recopa etc.
NACIONAL	Ligas Nacionais	2	Os principais campeonatos nacionais, incluindo títulos antigos unificados pela federação.
\.


--
-- TOC entry 4828 (class 0 OID 16482)
-- Dependencies: 217
-- Data for Name: tournaments; Type: TABLE DATA; Schema: public; Owner: postgres
--

COPY public.tournaments (id, group_id) FROM stdin;
INTERCONTINENTAL	MUNDIAL
COPA_DO_BRASIL	COPA
CAMPEONATO_INGLES	NACIONAL
COPA_DA_INGLATERRA	COPA
COPA_DA_ESPANHA	COPA
CAMPEONATO_ESPANHOL	NACIONAL
CAMPEONATO_ARGENTINO	NACIONAL
CAMPEONATO_FRANCES	NACIONAL
CAMPEONATO_URUGUAIO	NACIONAL
CHAMPIONS_LEAGUE	CONTINENTAL
LIBERTADORES	CONTINENTAL
MUNDIAL_DE_CLUBES	MUNDIAL
COPA_DA_ARGENTINA	COPA
COPA_DA_ALEMANHA	COPA
CAMPEONATO_ALEMAO	NACIONAL
COPA_DA_ITALIA	COPA
COPA_DO_URUGUAI	COPA
COPA_DA_FRANCA	COPA
CAMPEONATO_ITALIANO	NACIONAL
CAMPEONATO_BRASILEIRO	NACIONAL
\.


--
-- TOC entry 4833 (class 0 OID 17543)
-- Dependencies: 222
-- Data for Name: tournaments_countries; Type: TABLE DATA; Schema: public; Owner: postgres
--

COPY public.tournaments_countries (country_id, tournament_id) FROM stdin;
\.


--
-- TOC entry 4840 (class 0 OID 0)
-- Dependencies: 220
-- Name: titles_id_seq; Type: SEQUENCE SET; Schema: public; Owner: postgres
--

SELECT pg_catalog.setval('public.titles_id_seq', 5031, true);


--
-- TOC entry 4668 (class 2606 OID 17145)
-- Name: countries countries_pkey; Type: CONSTRAINT; Schema: public; Owner: postgres
--

ALTER TABLE ONLY public.countries
    ADD CONSTRAINT countries_pkey PRIMARY KEY (id);


--
-- TOC entry 4670 (class 2606 OID 17491)
-- Name: summary summary_pkey; Type: CONSTRAINT; Schema: public; Owner: postgres
--

ALTER TABLE ONLY public.summary
    ADD CONSTRAINT summary_pkey PRIMARY KEY (country_id, rank_type, season, team_id);


--
-- TOC entry 4662 (class 2606 OID 16492)
-- Name: teams teams_pkey; Type: CONSTRAINT; Schema: public; Owner: postgres
--

ALTER TABLE ONLY public.teams
    ADD CONSTRAINT teams_pkey PRIMARY KEY (id);


--
-- TOC entry 4672 (class 2606 OID 17520)
-- Name: titles titles_pkey; Type: CONSTRAINT; Schema: public; Owner: postgres
--

ALTER TABLE ONLY public.titles
    ADD CONSTRAINT titles_pkey PRIMARY KEY (id);


--
-- TOC entry 4664 (class 2606 OID 16494)
-- Name: tournament_groups tournament_groups_pkey; Type: CONSTRAINT; Schema: public; Owner: postgres
--

ALTER TABLE ONLY public.tournament_groups
    ADD CONSTRAINT tournament_groups_pkey PRIMARY KEY (id);


--
-- TOC entry 4674 (class 2606 OID 17549)
-- Name: tournaments_countries tournaments_countries_pkey; Type: CONSTRAINT; Schema: public; Owner: postgres
--

ALTER TABLE ONLY public.tournaments_countries
    ADD CONSTRAINT tournaments_countries_pkey PRIMARY KEY (country_id, tournament_id);


--
-- TOC entry 4666 (class 2606 OID 16496)
-- Name: tournaments tournaments_pkey; Type: CONSTRAINT; Schema: public; Owner: postgres
--

ALTER TABLE ONLY public.tournaments
    ADD CONSTRAINT tournaments_pkey PRIMARY KEY (id);


--
-- TOC entry 4675 (class 2606 OID 17196)
-- Name: teams country; Type: FK CONSTRAINT; Schema: public; Owner: postgres
--

ALTER TABLE ONLY public.teams
    ADD CONSTRAINT country FOREIGN KEY (country_id) REFERENCES public.countries(id) NOT VALID;


--
-- TOC entry 4679 (class 2606 OID 17635)
-- Name: titles fk8l83yn2hm8r778tytnlyossho; Type: FK CONSTRAINT; Schema: public; Owner: postgres
--

ALTER TABLE ONLY public.titles
    ADD CONSTRAINT fk8l83yn2hm8r778tytnlyossho FOREIGN KEY (tournament_id) REFERENCES public.tournaments(id);


--
-- TOC entry 4681 (class 2606 OID 17555)
-- Name: tournaments_countries fkb9x6qd0jcq76q3pjcxk0heae; Type: FK CONSTRAINT; Schema: public; Owner: postgres
--

ALTER TABLE ONLY public.tournaments_countries
    ADD CONSTRAINT fkb9x6qd0jcq76q3pjcxk0heae FOREIGN KEY (country_id) REFERENCES public.countries(id);


--
-- TOC entry 4677 (class 2606 OID 17679)
-- Name: summary fkdmq8dpt14u231g6qgtc11pp8d; Type: FK CONSTRAINT; Schema: public; Owner: postgres
--

ALTER TABLE ONLY public.summary
    ADD CONSTRAINT fkdmq8dpt14u231g6qgtc11pp8d FOREIGN KEY (country_id) REFERENCES public.countries(id);


--
-- TOC entry 4678 (class 2606 OID 17684)
-- Name: summary fkkseob2oy6gj9evxahq8vm9qk2; Type: FK CONSTRAINT; Schema: public; Owner: postgres
--

ALTER TABLE ONLY public.summary
    ADD CONSTRAINT fkkseob2oy6gj9evxahq8vm9qk2 FOREIGN KEY (team_id) REFERENCES public.teams(id);


--
-- TOC entry 4682 (class 2606 OID 17550)
-- Name: tournaments_countries fklpbko78y0eot8g2dkqtxajyxc; Type: FK CONSTRAINT; Schema: public; Owner: postgres
--

ALTER TABLE ONLY public.tournaments_countries
    ADD CONSTRAINT fklpbko78y0eot8g2dkqtxajyxc FOREIGN KEY (tournament_id) REFERENCES public.tournaments(id);


--
-- TOC entry 4676 (class 2606 OID 16504)
-- Name: tournaments group; Type: FK CONSTRAINT; Schema: public; Owner: postgres
--

ALTER TABLE ONLY public.tournaments
    ADD CONSTRAINT "group" FOREIGN KEY (group_id) REFERENCES public.tournament_groups(id);


--
-- TOC entry 4680 (class 2606 OID 17619)
-- Name: titles team; Type: FK CONSTRAINT; Schema: public; Owner: postgres
--

ALTER TABLE ONLY public.titles
    ADD CONSTRAINT team FOREIGN KEY (team_id) REFERENCES public.teams(id) ON UPDATE CASCADE NOT VALID;


-- Completed on 2024-03-24 03:26:14

--
-- PostgreSQL database dump complete
--

